{
  "type": "FeatureCollection",
  "features": [
    {
      "type": "Feature",
      "properties": {
        "name": "Lawu via Cemoro Sewu",
        "route_id": "lawu-via-cemoro-sewu",
        "mountain": "Lawu",
        "route": "Cemoro Sewu",
        "engine": "Alam Engine",
        "distance_km": 8.51,
        "elevation_gain": 1651,
        "elevation_loss": 295
      },
      "geometry": {
        "type": "LineString",
        "coordinates": [
          [
            111.191485,
            -7.664584,
            1912.046
          ],
          [
            111.191485,
            -7.66459,
            1912.088
          ],
          [
            111.191493,
            -7.664579,
            1913.316
          ],
          [
            111.191522,
            -7.664516,
            1912.008
          ],
          [
            111.191518,
            -7.664436,
            1912.446
          ],
          [
            111.191537,
            -7.664339,
            1913.467
          ],
          [
            111.191546,
            -7.664262,
            1914.391
          ],
          [
            111.191544,
            -7.664167,
            1914.732
          ],
          [
            111.191562,
            -7.664039,
            1915.915
          ],
          [
            111.191561,
            -7.663863,
            1917.596
          ],
          [
            111.191574,
            -7.663685,
            1920.368
          ],
          [
            111.191583,
            -7.663529,
            1922.238
          ],
          [
            111.191585,
            -7.663371,
            1923.692
          ],
          [
            111.191624,
            -7.663275,
            1925.273
          ],
          [
            111.19171,
            -7.663186,
            1927.42
          ],
          [
            111.191782,
            -7.663067,
            1929.108
          ],
          [
            111.191835,
            -7.662948,
            1929.821
          ],
          [
            111.191919,
            -7.662852,
            1931.422
          ],
          [
            111.192005,
            -7.662764,
            1932.796
          ],
          [
            111.192077,
            -7.662658,
            1935.447
          ],
          [
            111.192121,
            -7.662568,
            1938.34
          ],
          [
            111.192171,
            -7.662455,
            1939.681
          ],
          [
            111.192197,
            -7.662337,
            1941.943
          ],
          [
            111.192212,
            -7.662168,
            1943.373
          ],
          [
            111.192285,
            -7.662027,
            1943.479
          ],
          [
            111.192407,
            -7.661884,
            1946.205
          ],
          [
            111.192455,
            -7.661802,
            1948.325
          ],
          [
            111.192503,
            -7.661722,
            1951.308
          ],
          [
            111.192584,
            -7.661666,
            1954.419
          ],
          [
            111.192688,
            -7.661638,
            1957.23
          ],
          [
            111.192783,
            -7.661576,
            1960.394
          ],
          [
            111.192831,
            -7.661532,
            1963.015
          ],
          [
            111.192878,
            -7.661461,
            1965.968
          ],
          [
            111.192906,
            -7.66139,
            1968.119
          ],
          [
            111.192917,
            -7.661341,
            1968.221
          ],
          [
            111.192904,
            -7.66135,
            1968.921
          ],
          [
            111.192879,
            -7.661334,
            1968.462
          ],
          [
            111.192875,
            -7.661309,
            1967.883
          ],
          [
            111.192893,
            -7.661309,
            1967.711
          ],
          [
            111.192899,
            -7.661322,
            1968.008
          ],
          [
            111.192906,
            -7.661317,
            1968.338
          ],
          [
            111.192933,
            -7.661203,
            1971.419
          ],
          [
            111.192966,
            -7.661081,
            1974.683
          ],
          [
            111.192949,
            -7.660997,
            1977.724
          ],
          [
            111.192932,
            -7.660897,
            1980.487
          ],
          [
            111.192943,
            -7.660791,
            1982.458
          ],
          [
            111.192965,
            -7.660613,
            1985.45
          ],
          [
            111.192981,
            -7.660482,
            1986.65
          ],
          [
            111.193084,
            -7.660356,
            1987.317
          ],
          [
            111.193171,
            -7.66028,
            1990.387
          ],
          [
            111.193235,
            -7.66017,
            1990.515
          ],
          [
            111.193309,
            -7.660004,
            1991.808
          ],
          [
            111.193362,
            -7.659853,
            1992.993
          ],
          [
            111.193407,
            -7.659705,
            1995.064
          ],
          [
            111.193467,
            -7.659535,
            1996.788
          ],
          [
            111.193532,
            -7.659379,
            1998.359
          ],
          [
            111.193626,
            -7.659203,
            1999.772
          ],
          [
            111.193653,
            -7.659041,
            2001.673
          ],
          [
            111.193712,
            -7.658879,
            2002.625
          ],
          [
            111.193769,
            -7.658732,
            2004.415
          ],
          [
            111.193747,
            -7.658589,
            2006.611
          ],
          [
            111.193792,
            -7.658443,
            2008.421
          ],
          [
            111.193822,
            -7.658302,
            2010.803
          ],
          [
            111.193865,
            -7.658201,
            2013.908
          ],
          [
            111.193869,
            -7.658092,
            2017.093
          ],
          [
            111.193967,
            -7.658033,
            2019.974
          ],
          [
            111.194143,
            -7.658044,
            2022.818
          ],
          [
            111.19427,
            -7.658018,
            2024.429
          ],
          [
            111.19429,
            -7.658025,
            2024.692
          ],
          [
            111.194307,
            -7.657989,
            2025.063
          ],
          [
            111.194308,
            -7.657966,
            2024.625
          ],
          [
            111.194302,
            -7.657959,
            2024.765
          ],
          [
            111.194211,
            -7.658,
            2025.898
          ],
          [
            111.194236,
            -7.658014,
            2024.115
          ],
          [
            111.194242,
            -7.657978,
            2024.326
          ],
          [
            111.194249,
            -7.657991,
            2024.408
          ],
          [
            111.194244,
            -7.658003,
            2025.791
          ],
          [
            111.194236,
            -7.658003,
            2025.882
          ],
          [
            111.194248,
            -7.657991,
            2025.986
          ],
          [
            111.194247,
            -7.657981,
            2025.897
          ],
          [
            111.194247,
            -7.65799,
            2026.02
          ],
          [
            111.194243,
            -7.657999,
            2026.441
          ],
          [
            111.194312,
            -7.65799,
            2027.543
          ],
          [
            111.19433,
            -7.657967,
            2027.733
          ],
          [
            111.194368,
            -7.657947,
            2028.628
          ],
          [
            111.194432,
            -7.657871,
            2031.089
          ],
          [
            111.194541,
            -7.657766,
            2033.017
          ],
          [
            111.194577,
            -7.657639,
            2036.308
          ],
          [
            111.194616,
            -7.6575,
            2037.724
          ],
          [
            111.194639,
            -7.657354,
            2040.175
          ],
          [
            111.194645,
            -7.657159,
            2042.529
          ],
          [
            111.194693,
            -7.656997,
            2045.67
          ],
          [
            111.194759,
            -7.656845,
            2047.893
          ],
          [
            111.194808,
            -7.6567,
            2048.894
          ],
          [
            111.194781,
            -7.656583,
            2050.366
          ],
          [
            111.19475,
            -7.656424,
            2053.426
          ],
          [
            111.194799,
            -7.656258,
            2054.059
          ],
          [
            111.194911,
            -7.656235,
            2056.003
          ],
          [
            111.194962,
            -7.656247,
            2057.823
          ],
          [
            111.195019,
            -7.65629,
            2059.908
          ],
          [
            111.195112,
            -7.656339,
            2063.127
          ],
          [
            111.19518,
            -7.656398,
            2064.138
          ],
          [
            111.195265,
            -7.656461,
            2066.582
          ],
          [
            111.195381,
            -7.656458,
            2068.593
          ],
          [
            111.19545,
            -7.656396,
            2070.516
          ],
          [
            111.19546,
            -7.656397,
            2071.277
          ],
          [
            111.195435,
            -7.656392,
            2069.559
          ],
          [
            111.19539,
            -7.656458,
            2068.489
          ],
          [
            111.195431,
            -7.656431,
            2069.389
          ],
          [
            111.195482,
            -7.656395,
            2071.006
          ],
          [
            111.195484,
            -7.656394,
            2071.026
          ],
          [
            111.195487,
            -7.656377,
            2071.508
          ],
          [
            111.195473,
            -7.656372,
            2070.88
          ],
          [
            111.195486,
            -7.656366,
            2071.231
          ],
          [
            111.195488,
            -7.656375,
            2071.675
          ],
          [
            111.195483,
            -7.65638,
            2071.466
          ],
          [
            111.195468,
            -7.656394,
            2071.789
          ],
          [
            111.195471,
            -7.656392,
            2072.12
          ],
          [
            111.195476,
            -7.656389,
            2071.612
          ],
          [
            111.195472,
            -7.656387,
            2072.462
          ],
          [
            111.195474,
            -7.656384,
            2072.654
          ],
          [
            111.195473,
            -7.656378,
            2073.056
          ],
          [
            111.195466,
            -7.656372,
            2073.211
          ],
          [
            111.195458,
            -7.656373,
            2073.108
          ],
          [
            111.195446,
            -7.656344,
            2074.127
          ],
          [
            111.195451,
            -7.656309,
            2075.228
          ],
          [
            111.195513,
            -7.656238,
            2078.352
          ],
          [
            111.195581,
            -7.656132,
            2081.363
          ],
          [
            111.195588,
            -7.656023,
            2082.866
          ],
          [
            111.195622,
            -7.655946,
            2085.937
          ],
          [
            111.195699,
            -7.655849,
            2088.979
          ],
          [
            111.195766,
            -7.655774,
            2090.879
          ],
          [
            111.195704,
            -7.655647,
            2092.147
          ],
          [
            111.195641,
            -7.655513,
            2094.029
          ],
          [
            111.195589,
            -7.655391,
            2095.621
          ],
          [
            111.195571,
            -7.655274,
            2098.708
          ],
          [
            111.19556,
            -7.6552,
            2100.126
          ],
          [
            111.19555,
            -7.655118,
            2101.727
          ],
          [
            111.195543,
            -7.655047,
            2103.281
          ],
          [
            111.195536,
            -7.654969,
            2106.532
          ],
          [
            111.19552,
            -7.654869,
            2108.715
          ],
          [
            111.195509,
            -7.654756,
            2111.046
          ],
          [
            111.195513,
            -7.654636,
            2113.468
          ],
          [
            111.195499,
            -7.654505,
            2114.978
          ],
          [
            111.195483,
            -7.654468,
            2115.435
          ],
          [
            111.195456,
            -7.654449,
            2115.786
          ],
          [
            111.195485,
            -7.654456,
            2114.714
          ],
          [
            111.195501,
            -7.654463,
            2114.108
          ],
          [
            111.195484,
            -7.654465,
            2114.375
          ],
          [
            111.195498,
            -7.654472,
            2114.566
          ],
          [
            111.195484,
            -7.654475,
            2114.45
          ],
          [
            111.195496,
            -7.654479,
            2115.591
          ],
          [
            111.195502,
            -7.654465,
            2115.274
          ],
          [
            111.195511,
            -7.654455,
            2115.395
          ],
          [
            111.195507,
            -7.654457,
            2115.487
          ],
          [
            111.195509,
            -7.654448,
            2115.877
          ],
          [
            111.19549,
            -7.654463,
            2114.924
          ],
          [
            111.195477,
            -7.654464,
            2116.504
          ],
          [
            111.195474,
            -7.654453,
            2116.114
          ],
          [
            111.195482,
            -7.654466,
            2116.608
          ],
          [
            111.195493,
            -7.654465,
            2116.884
          ],
          [
            111.195469,
            -7.654459,
            2117.195
          ],
          [
            111.195467,
            -7.654435,
            2117.189
          ],
          [
            111.19548,
            -7.654442,
            2116.71
          ],
          [
            111.195503,
            -7.654423,
            2117.593
          ],
          [
            111.195495,
            -7.654405,
            2117.354
          ],
          [
            111.1955,
            -7.654432,
            2117.196
          ],
          [
            111.195506,
            -7.654472,
            2118.026
          ],
          [
            111.195503,
            -7.654474,
            2117.689
          ],
          [
            111.195503,
            -7.654472,
            2117.706
          ],
          [
            111.195489,
            -7.654471,
            2117.426
          ],
          [
            111.19549,
            -7.654472,
            2117.508
          ],
          [
            111.195522,
            -7.6545,
            2117.54
          ],
          [
            111.195532,
            -7.654454,
            2118.881
          ],
          [
            111.195538,
            -7.654466,
            2118.855
          ],
          [
            111.195552,
            -7.654444,
            2119.086
          ],
          [
            111.195505,
            -7.654328,
            2120.169
          ],
          [
            111.19548,
            -7.654237,
            2122.01
          ],
          [
            111.195426,
            -7.654141,
            2124.422
          ],
          [
            111.195362,
            -7.654035,
            2127.342
          ],
          [
            111.195318,
            -7.653975,
            2128.437
          ],
          [
            111.19529,
            -7.653939,
            2128.549
          ],
          [
            111.195276,
            -7.653915,
            2128.513
          ],
          [
            111.195184,
            -7.65375,
            2129.408
          ],
          [
            111.195082,
            -7.653628,
            2131.045
          ],
          [
            111.194979,
            -7.653516,
            2133.146
          ],
          [
            111.194974,
            -7.653343,
            2133.86
          ],
          [
            111.195014,
            -7.653198,
            2135.471
          ],
          [
            111.195038,
            -7.653063,
            2136.434
          ],
          [
            111.195091,
            -7.652943,
            2139.315
          ],
          [
            111.195113,
            -7.652924,
            2140.337
          ],
          [
            111.195103,
            -7.652898,
            2139.517
          ],
          [
            111.195078,
            -7.652884,
            2139.557
          ],
          [
            111.1951,
            -7.652879,
            2140.1
          ],
          [
            111.195088,
            -7.652924,
            2139.92
          ],
          [
            111.195089,
            -7.65296,
            2139.908
          ],
          [
            111.195096,
            -7.652932,
            2139.727
          ],
          [
            111.195093,
            -7.652942,
            2139.988
          ],
          [
            111.195098,
            -7.652944,
            2140.592
          ],
          [
            111.195083,
            -7.652955,
            2140.523
          ],
          [
            111.195096,
            -7.652927,
            2140.286
          ],
          [
            111.195135,
            -7.652934,
            2140.387
          ],
          [
            111.195104,
            -7.652953,
            2140.439
          ],
          [
            111.195104,
            -7.652919,
            2139.859
          ],
          [
            111.195073,
            -7.652891,
            2140.339
          ],
          [
            111.195136,
            -7.652916,
            2140.601
          ],
          [
            111.19511,
            -7.652912,
            2140.621
          ],
          [
            111.195077,
            -7.652898,
            2140.208
          ],
          [
            111.195083,
            -7.652911,
            2140.475
          ],
          [
            111.195155,
            -7.652913,
            2140.986
          ],
          [
            111.195173,
            -7.652871,
            2141.26
          ],
          [
            111.195083,
            -7.652918,
            2140.911
          ],
          [
            111.195094,
            -7.652915,
            2141.484
          ],
          [
            111.195101,
            -7.652899,
            2141.255
          ],
          [
            111.195152,
            -7.652921,
            2141.317
          ],
          [
            111.195118,
            -7.652926,
            2140.877
          ],
          [
            111.195151,
            -7.652944,
            2141.074
          ],
          [
            111.195164,
            -7.652871,
            2141.256
          ],
          [
            111.195202,
            -7.65291,
            2141.121
          ],
          [
            111.195293,
            -7.652988,
            2142.308
          ],
          [
            111.195243,
            -7.653002,
            2141.819
          ],
          [
            111.195132,
            -7.652913,
            2142.05
          ],
          [
            111.195135,
            -7.65289,
            2141.854
          ],
          [
            111.195078,
            -7.652807,
            2142.685
          ],
          [
            111.195095,
            -7.652898,
            2141.858
          ],
          [
            111.195077,
            -7.652946,
            2142.219
          ],
          [
            111.195088,
            -7.652952,
            2141.841
          ],
          [
            111.195119,
            -7.652935,
            2141.931
          ],
          [
            111.195094,
            -7.652935,
            2142.373
          ],
          [
            111.195082,
            -7.65297,
            2142.085
          ],
          [
            111.195069,
            -7.652973,
            2142.513
          ],
          [
            111.195085,
            -7.652966,
            2142.008
          ],
          [
            111.195066,
            -7.652982,
            2143.039
          ],
          [
            111.195081,
            -7.652969,
            2142.19
          ],
          [
            111.195071,
            -7.652978,
            2142.954
          ],
          [
            111.195071,
            -7.652998,
            2142.875
          ],
          [
            111.195074,
            -7.652997,
            2142.918
          ],
          [
            111.19507,
            -7.652983,
            2143.219
          ],
          [
            111.195133,
            -7.652908,
            2142.321
          ],
          [
            111.195165,
            -7.652877,
            2143.181
          ],
          [
            111.19514,
            -7.652888,
            2143.111
          ],
          [
            111.195156,
            -7.652886,
            2142.521
          ],
          [
            111.195137,
            -7.652892,
            2142.703
          ],
          [
            111.195139,
            -7.652904,
            2143.008
          ],
          [
            111.195137,
            -7.652911,
            2143.083
          ],
          [
            111.195147,
            -7.652912,
            2143.364
          ],
          [
            111.195131,
            -7.652874,
            2143.198
          ],
          [
            111.195095,
            -7.65282,
            2143.359
          ],
          [
            111.195056,
            -7.652785,
            2143.072
          ],
          [
            111.195119,
            -7.652828,
            2143.123
          ],
          [
            111.195134,
            -7.652903,
            2142.825
          ],
          [
            111.195168,
            -7.652832,
            2142.785
          ],
          [
            111.195152,
            -7.65283,
            2143.345
          ],
          [
            111.195152,
            -7.652836,
            2142.847
          ],
          [
            111.195156,
            -7.652831,
            2143.011
          ],
          [
            111.195169,
            -7.65281,
            2143.208
          ],
          [
            111.195172,
            -7.652781,
            2143.456
          ],
          [
            111.195186,
            -7.652802,
            2143.677
          ],
          [
            111.19514,
            -7.652795,
            2142.981
          ],
          [
            111.195125,
            -7.652712,
            2145.152
          ],
          [
            111.195121,
            -7.652601,
            2145.475
          ],
          [
            111.19506,
            -7.652482,
            2147.576
          ],
          [
            111.195028,
            -7.652402,
            2150.578
          ],
          [
            111.194958,
            -7.652357,
            2152.288
          ],
          [
            111.194872,
            -7.652359,
            2154.424
          ],
          [
            111.194939,
            -7.652245,
            2157.204
          ],
          [
            111.195041,
            -7.65219,
            2159.014
          ],
          [
            111.195133,
            -7.652134,
            2160.808
          ],
          [
            111.195165,
            -7.652059,
            2163.944
          ],
          [
            111.19508,
            -7.652034,
            2167.255
          ],
          [
            111.194968,
            -7.651973,
            2170.349
          ],
          [
            111.194879,
            -7.651885,
            2172.44
          ],
          [
            111.194932,
            -7.651802,
            2175.363
          ],
          [
            111.195027,
            -7.651762,
            2177.944
          ],
          [
            111.195077,
            -7.651726,
            2179.126
          ],
          [
            111.19514,
            -7.651638,
            2181.446
          ],
          [
            111.195133,
            -7.651566,
            2184.511
          ],
          [
            111.195125,
            -7.651482,
            2186.521
          ],
          [
            111.195129,
            -7.651339,
            2189.303
          ],
          [
            111.195118,
            -7.651253,
            2191.808
          ],
          [
            111.195123,
            -7.651164,
            2193.923
          ],
          [
            111.19511,
            -7.651073,
            2196.064
          ],
          [
            111.195096,
            -7.651003,
            2198.088
          ],
          [
            111.195068,
            -7.651006,
            2198.229
          ],
          [
            111.195053,
            -7.65101,
            2198.242
          ],
          [
            111.195072,
            -7.651,
            2198.343
          ],
          [
            111.195067,
            -7.651022,
            2197.955
          ],
          [
            111.195052,
            -7.651025,
            2198.645
          ],
          [
            111.195085,
            -7.651012,
            2198.145
          ],
          [
            111.195104,
            -7.651017,
            2198.147
          ],
          [
            111.195111,
            -7.651031,
            2197.711
          ],
          [
            111.195102,
            -7.65103,
            2197.908
          ],
          [
            111.195097,
            -7.651006,
            2198.636
          ],
          [
            111.195086,
            -7.651011,
            2199.187
          ],
          [
            111.195105,
            -7.651018,
            2198.791
          ],
          [
            111.195109,
            -7.651005,
            2198.892
          ],
          [
            111.195068,
            -7.651029,
            2199.065
          ],
          [
            111.195081,
            -7.651049,
            2198.436
          ],
          [
            111.195065,
            -7.651011,
            2198.968
          ],
          [
            111.19498,
            -7.650941,
            2201.328
          ],
          [
            111.194912,
            -7.650887,
            2203.364
          ],
          [
            111.194839,
            -7.650819,
            2206.306
          ],
          [
            111.19478,
            -7.650754,
            2208.816
          ],
          [
            111.194713,
            -7.650706,
            2211.208
          ],
          [
            111.194646,
            -7.650691,
            2213.658
          ],
          [
            111.194568,
            -7.650697,
            2215.239
          ],
          [
            111.194495,
            -7.6507,
            2217.013
          ],
          [
            111.194512,
            -7.650665,
            2219.674
          ],
          [
            111.194569,
            -7.650649,
            2221.517
          ],
          [
            111.194637,
            -7.650578,
            2223.238
          ],
          [
            111.194665,
            -7.650527,
            2226.46
          ],
          [
            111.1946,
            -7.650516,
            2227.53
          ],
          [
            111.194501,
            -7.650532,
            2229.458
          ],
          [
            111.194423,
            -7.650531,
            2231.952
          ],
          [
            111.194359,
            -7.650525,
            2235.117
          ],
          [
            111.194311,
            -7.650539,
            2237.908
          ],
          [
            111.194293,
            -7.650582,
            2240.397
          ],
          [
            111.194268,
            -7.650578,
            2242.568
          ],
          [
            111.194264,
            -7.650568,
            2242.342
          ],
          [
            111.194281,
            -7.650547,
            2245.393
          ],
          [
            111.194238,
            -7.650489,
            2246.996
          ],
          [
            111.194224,
            -7.650458,
            2248.377
          ],
          [
            111.194166,
            -7.650382,
            2250.089
          ],
          [
            111.194139,
            -7.650309,
            2253.389
          ],
          [
            111.194133,
            -7.650251,
            2254.155
          ],
          [
            111.194132,
            -7.650201,
            2256.607
          ],
          [
            111.194147,
            -7.650157,
            2259.117
          ],
          [
            111.194184,
            -7.650154,
            2261.108
          ],
          [
            111.194211,
            -7.650124,
            2264.217
          ],
          [
            111.194202,
            -7.650072,
            2265.518
          ],
          [
            111.194199,
            -7.649991,
            2267.322
          ],
          [
            111.194237,
            -7.650005,
            2269.453
          ],
          [
            111.194237,
            -7.650004,
            2267.976
          ],
          [
            111.194245,
            -7.650006,
            2269.537
          ],
          [
            111.194272,
            -7.649991,
            2271.689
          ],
          [
            111.194286,
            -7.649954,
            2274.149
          ],
          [
            111.194278,
            -7.649892,
            2275.952
          ],
          [
            111.19429,
            -7.649833,
            2278.053
          ],
          [
            111.194331,
            -7.649804,
            2280.108
          ],
          [
            111.194349,
            -7.649781,
            2281.708
          ],
          [
            111.19436,
            -7.649745,
            2283.657
          ],
          [
            111.194369,
            -7.649663,
            2285.768
          ],
          [
            111.194426,
            -7.649625,
            2288.032
          ],
          [
            111.194428,
            -7.649543,
            2289.193
          ],
          [
            111.19442,
            -7.649437,
            2290.866
          ],
          [
            111.19443,
            -7.649406,
            2291.647
          ],
          [
            111.194466,
            -7.649397,
            2291.889
          ],
          [
            111.194426,
            -7.649382,
            2292.079
          ],
          [
            111.194433,
            -7.649391,
            2291.385
          ],
          [
            111.194437,
            -7.649413,
            2291.589
          ],
          [
            111.194442,
            -7.649415,
            2291.217
          ],
          [
            111.194439,
            -7.649414,
            2292.108
          ],
          [
            111.194445,
            -7.649418,
            2292.34
          ],
          [
            111.194429,
            -7.649416,
            2292.071
          ],
          [
            111.194418,
            -7.649423,
            2292.565
          ],
          [
            111.194394,
            -7.649448,
            2292.746
          ],
          [
            111.194392,
            -7.649456,
            2292.859
          ],
          [
            111.194407,
            -7.64943,
            2292.46
          ],
          [
            111.194449,
            -7.649391,
            2293.692
          ],
          [
            111.194452,
            -7.649323,
            2296.172
          ],
          [
            111.194497,
            -7.64923,
            2297.724
          ],
          [
            111.194559,
            -7.6492,
            2300.804
          ],
          [
            111.194635,
            -7.649166,
            2302.614
          ],
          [
            111.194655,
            -7.649092,
            2304.908
          ],
          [
            111.194663,
            -7.649007,
            2307.364
          ],
          [
            111.19468,
            -7.648935,
            2309.785
          ],
          [
            111.194699,
            -7.648866,
            2312.119
          ],
          [
            111.194765,
            -7.648807,
            2313.73
          ],
          [
            111.194832,
            -7.648744,
            2314.523
          ],
          [
            111.194898,
            -7.648735,
            2314.354
          ],
          [
            111.195007,
            -7.648678,
            2314.396
          ],
          [
            111.195065,
            -7.64864,
            2317.796
          ],
          [
            111.195125,
            -7.648595,
            2319.165
          ],
          [
            111.195162,
            -7.648519,
            2320.768
          ],
          [
            111.195206,
            -7.648416,
            2320.614
          ],
          [
            111.195244,
            -7.648302,
            2321.808
          ],
          [
            111.19526,
            -7.648174,
            2324.648
          ],
          [
            111.195246,
            -7.648109,
            2327.829
          ],
          [
            111.195267,
            -7.648047,
            2329.313
          ],
          [
            111.195277,
            -7.647981,
            2331.624
          ],
          [
            111.195293,
            -7.647914,
            2333.147
          ],
          [
            111.195295,
            -7.647885,
            2333.928
          ],
          [
            111.195267,
            -7.647846,
            2334.67
          ],
          [
            111.195292,
            -7.64788,
            2333.31
          ],
          [
            111.195303,
            -7.647882,
            2332.178
          ],
          [
            111.195306,
            -7.647881,
            2333.433
          ],
          [
            111.195253,
            -7.647826,
            2335.026
          ],
          [
            111.195206,
            -7.647777,
            2336.808
          ],
          [
            111.195155,
            -7.647739,
            2339.249
          ],
          [
            111.195138,
            -7.647651,
            2341.78
          ],
          [
            111.195142,
            -7.647548,
            2341.064
          ],
          [
            111.195136,
            -7.647424,
            2342.255
          ],
          [
            111.195156,
            -7.64736,
            2343.928
          ],
          [
            111.19517,
            -7.647317,
            2347.029
          ],
          [
            111.195163,
            -7.647253,
            2348.421
          ],
          [
            111.195156,
            -7.64718,
            2351.151
          ],
          [
            111.19517,
            -7.64711,
            2353.479
          ],
          [
            111.195213,
            -7.647022,
            2354.705
          ],
          [
            111.195254,
            -7.646953,
            2356.725
          ],
          [
            111.195267,
            -7.64687,
            2358.608
          ],
          [
            111.195237,
            -7.64684,
            2358.589
          ],
          [
            111.195215,
            -7.64684,
            2359.98
          ],
          [
            111.195165,
            -7.646779,
            2362.694
          ],
          [
            111.195135,
            -7.646706,
            2364.085
          ],
          [
            111.195173,
            -7.64663,
            2366.078
          ],
          [
            111.195197,
            -7.646616,
            2368.269
          ],
          [
            111.195212,
            -7.646577,
            2370.781
          ],
          [
            111.195206,
            -7.646542,
            2372.961
          ],
          [
            111.195175,
            -7.64651,
            2374.858
          ],
          [
            111.19519,
            -7.646491,
            2375.652
          ],
          [
            111.195205,
            -7.646492,
            2375.917
          ],
          [
            111.195213,
            -7.646502,
            2376.108
          ],
          [
            111.195211,
            -7.646494,
            2375.917
          ],
          [
            111.195225,
            -7.646506,
            2375.678
          ],
          [
            111.195238,
            -7.646498,
            2376.372
          ],
          [
            111.195258,
            -7.646505,
            2376.683
          ],
          [
            111.195246,
            -7.646511,
            2377.296
          ],
          [
            111.195235,
            -7.6465,
            2377.287
          ],
          [
            111.195186,
            -7.646462,
            2378.369
          ],
          [
            111.195112,
            -7.646381,
            2380.669
          ],
          [
            111.195077,
            -7.646335,
            2383.176
          ],
          [
            111.195086,
            -7.646247,
            2385.49
          ],
          [
            111.195123,
            -7.646188,
            2387.319
          ],
          [
            111.195104,
            -7.646147,
            2390.408
          ],
          [
            111.195067,
            -7.646125,
            2392.849
          ],
          [
            111.195042,
            -7.646041,
            2395.58
          ],
          [
            111.195073,
            -7.64595,
            2396.274
          ],
          [
            111.195108,
            -7.645848,
            2398.765
          ],
          [
            111.195137,
            -7.645814,
            2399.168
          ],
          [
            111.195149,
            -7.645781,
            2399.379
          ],
          [
            111.195126,
            -7.645761,
            2402.231
          ],
          [
            111.195101,
            -7.645739,
            2405.121
          ],
          [
            111.195074,
            -7.645673,
            2408.299
          ],
          [
            111.195118,
            -7.645576,
            2409.907
          ],
          [
            111.195141,
            -7.645486,
            2412.827
          ],
          [
            111.195159,
            -7.645432,
            2414.108
          ],
          [
            111.195176,
            -7.645389,
            2415.891
          ],
          [
            111.195212,
            -7.645346,
            2418.392
          ],
          [
            111.195242,
            -7.645329,
            2419.586
          ],
          [
            111.195303,
            -7.64525,
            2419.197
          ],
          [
            111.195331,
            -7.645164,
            2420.91
          ],
          [
            111.195367,
            -7.645108,
            2423.231
          ],
          [
            111.195398,
            -7.6451,
            2423.683
          ],
          [
            111.195418,
            -7.645088,
            2424.583
          ],
          [
            111.195411,
            -7.64505,
            2426.034
          ],
          [
            111.195405,
            -7.644998,
            2429.255
          ],
          [
            111.195397,
            -7.644906,
            2430.01
          ],
          [
            111.195411,
            -7.644805,
            2432.308
          ],
          [
            111.195392,
            -7.644753,
            2434.215
          ],
          [
            111.195375,
            -7.64471,
            2434.666
          ],
          [
            111.195367,
            -7.644705,
            2436.81
          ],
          [
            111.195322,
            -7.644638,
            2439.151
          ],
          [
            111.195301,
            -7.644593,
            2441.864
          ],
          [
            111.195255,
            -7.644548,
            2443.825
          ],
          [
            111.195245,
            -7.644509,
            2445.397
          ],
          [
            111.195252,
            -7.644466,
            2446.817
          ],
          [
            111.195233,
            -7.644419,
            2448.742
          ],
          [
            111.195187,
            -7.644352,
            2450.822
          ],
          [
            111.195145,
            -7.644298,
            2452.614
          ],
          [
            111.195128,
            -7.644223,
            2455.508
          ],
          [
            111.19514,
            -7.644158,
            2458.256
          ],
          [
            111.195142,
            -7.644158,
            2458.877
          ],
          [
            111.195156,
            -7.644134,
            2459.571
          ],
          [
            111.195166,
            -7.644123,
            2459.572
          ],
          [
            111.195173,
            -7.644126,
            2459.665
          ],
          [
            111.195172,
            -7.644109,
            2459.916
          ],
          [
            111.195191,
            -7.644012,
            2460.058
          ],
          [
            111.195215,
            -7.643925,
            2461.148
          ],
          [
            111.195236,
            -7.64384,
            2461.045
          ],
          [
            111.195233,
            -7.643793,
            2462.647
          ],
          [
            111.195229,
            -7.643738,
            2464.811
          ],
          [
            111.195238,
            -7.643663,
            2466.108
          ],
          [
            111.195219,
            -7.6436,
            2467.986
          ],
          [
            111.195208,
            -7.64359,
            2469.527
          ],
          [
            111.195173,
            -7.643568,
            2470.891
          ],
          [
            111.195136,
            -7.643536,
            2473.822
          ],
          [
            111.195152,
            -7.643613,
            2474.285
          ],
          [
            111.195149,
            -7.643628,
            2474.646
          ],
          [
            111.195155,
            -7.643642,
            2473.628
          ],
          [
            111.195153,
            -7.643653,
            2474.318
          ],
          [
            111.195134,
            -7.643618,
            2474.254
          ],
          [
            111.195141,
            -7.643575,
            2474.556
          ],
          [
            111.195104,
            -7.643552,
            2476.111
          ],
          [
            111.195073,
            -7.643527,
            2478.308
          ],
          [
            111.195032,
            -7.643485,
            2479.757
          ],
          [
            111.19504,
            -7.643489,
            2479.188
          ],
          [
            111.195044,
            -7.643506,
            2479.142
          ],
          [
            111.195042,
            -7.643495,
            2479.443
          ],
          [
            111.195031,
            -7.64346,
            2479.166
          ],
          [
            111.194986,
            -7.643408,
            2477.287
          ],
          [
            111.194984,
            -7.643335,
            2475.319
          ],
          [
            111.194997,
            -7.643297,
            2474.899
          ],
          [
            111.195025,
            -7.643224,
            2477.083
          ],
          [
            111.194999,
            -7.643158,
            2478.825
          ],
          [
            111.195007,
            -7.643133,
            2481.217
          ],
          [
            111.195005,
            -7.643082,
            2481.608
          ],
          [
            111.195018,
            -7.643016,
            2482.68
          ],
          [
            111.195027,
            -7.642962,
            2484.811
          ],
          [
            111.195039,
            -7.642931,
            2486.895
          ],
          [
            111.195029,
            -7.642889,
            2489.346
          ],
          [
            111.19504,
            -7.642876,
            2490.239
          ],
          [
            111.195055,
            -7.642869,
            2491.59
          ],
          [
            111.19507,
            -7.642854,
            2492.522
          ],
          [
            111.19509,
            -7.64286,
            2493.612
          ],
          [
            111.195109,
            -7.642834,
            2495.119
          ],
          [
            111.195136,
            -7.642815,
            2498.309
          ],
          [
            111.195151,
            -7.642758,
            2500.419
          ],
          [
            111.195173,
            -7.642713,
            2502.508
          ],
          [
            111.195181,
            -7.642663,
            2504.293
          ],
          [
            111.195205,
            -7.642613,
            2505.214
          ],
          [
            111.195183,
            -7.642557,
            2507.098
          ],
          [
            111.195158,
            -7.642506,
            2509.089
          ],
          [
            111.195151,
            -7.64243,
            2509.882
          ],
          [
            111.195141,
            -7.642383,
            2512.413
          ],
          [
            111.195089,
            -7.642357,
            2514.735
          ],
          [
            111.195037,
            -7.642317,
            2517.025
          ],
          [
            111.195048,
            -7.642301,
            2517.337
          ],
          [
            111.195037,
            -7.642301,
            2517.249
          ],
          [
            111.195038,
            -7.642309,
            2517.713
          ],
          [
            111.195035,
            -7.642323,
            2517.508
          ],
          [
            111.195046,
            -7.642325,
            2517.645
          ],
          [
            111.195054,
            -7.642332,
            2517.646
          ],
          [
            111.195058,
            -7.642288,
            2516.93
          ],
          [
            111.19507,
            -7.642241,
            2513.811
          ],
          [
            111.195106,
            -7.642194,
            2512.284
          ],
          [
            111.195167,
            -7.642102,
            2511.775
          ],
          [
            111.195189,
            -7.641995,
            2514.587
          ],
          [
            111.19516,
            -7.641912,
            2517.117
          ],
          [
            111.195203,
            -7.641826,
            2519.559
          ],
          [
            111.195177,
            -7.641765,
            2521.703
          ],
          [
            111.19519,
            -7.64171,
            2524.723
          ],
          [
            111.195238,
            -7.641724,
            2526.908
          ],
          [
            111.195281,
            -7.641686,
            2528.157
          ],
          [
            111.195331,
            -7.641662,
            2530.948
          ],
          [
            111.195378,
            -7.641642,
            2532.572
          ],
          [
            111.195372,
            -7.641577,
            2534.843
          ],
          [
            111.195366,
            -7.64153,
            2536.626
          ],
          [
            111.195345,
            -7.641458,
            2539.787
          ],
          [
            111.1953,
            -7.641356,
            2541.719
          ],
          [
            111.195295,
            -7.641243,
            2543.119
          ],
          [
            111.1953,
            -7.641229,
            2544.797
          ],
          [
            111.195321,
            -7.641163,
            2545.823
          ],
          [
            111.195331,
            -7.641119,
            2547.325
          ],
          [
            111.195327,
            -7.641113,
            2545.708
          ],
          [
            111.195326,
            -7.641096,
            2547.771
          ],
          [
            111.19532,
            -7.641023,
            2550.892
          ],
          [
            111.195305,
            -7.640942,
            2553.236
          ],
          [
            111.195295,
            -7.640895,
            2555.237
          ],
          [
            111.195246,
            -7.640841,
            2556.96
          ],
          [
            111.195226,
            -7.640797,
            2560.181
          ],
          [
            111.195239,
            -7.640736,
            2560.063
          ],
          [
            111.195235,
            -7.640661,
            2562.143
          ],
          [
            111.195197,
            -7.640566,
            2563.764
          ],
          [
            111.195185,
            -7.640548,
            2563.406
          ],
          [
            111.195192,
            -7.640582,
            2562.216
          ],
          [
            111.195183,
            -7.640577,
            2562.708
          ],
          [
            111.195156,
            -7.640538,
            2563.688
          ],
          [
            111.195175,
            -7.640576,
            2562.449
          ],
          [
            111.195176,
            -7.640597,
            2562.493
          ],
          [
            111.195167,
            -7.640594,
            2561.284
          ],
          [
            111.195188,
            -7.640547,
            2563.377
          ],
          [
            111.195209,
            -7.640549,
            2562.648
          ],
          [
            111.195212,
            -7.640564,
            2562.37
          ],
          [
            111.195232,
            -7.640558,
            2563.67
          ],
          [
            111.195207,
            -7.640541,
            2563.777
          ],
          [
            111.195214,
            -7.640537,
            2563.761
          ],
          [
            111.19521,
            -7.640555,
            2563.927
          ],
          [
            111.195141,
            -7.640555,
            2564.208
          ],
          [
            111.195184,
            -7.640592,
            2563.249
          ],
          [
            111.195184,
            -7.640585,
            2564.02
          ],
          [
            111.195172,
            -7.640559,
            2564.444
          ],
          [
            111.19516,
            -7.640574,
            2564.295
          ],
          [
            111.195173,
            -7.640593,
            2564.828
          ],
          [
            111.19517,
            -7.640652,
            2564.319
          ],
          [
            111.195199,
            -7.640629,
            2564.481
          ],
          [
            111.195212,
            -7.640621,
            2564.411
          ],
          [
            111.195207,
            -7.6406,
            2564.417
          ],
          [
            111.195217,
            -7.64058,
            2564.887
          ],
          [
            111.195273,
            -7.640564,
            2564.715
          ],
          [
            111.195225,
            -7.640523,
            2564.808
          ],
          [
            111.195188,
            -7.64055,
            2565.763
          ],
          [
            111.195154,
            -7.640606,
            2565.794
          ],
          [
            111.195158,
            -7.64061,
            2566.128
          ],
          [
            111.195149,
            -7.640596,
            2566.369
          ],
          [
            111.195109,
            -7.640556,
            2566.092
          ],
          [
            111.19515,
            -7.640547,
            2566.373
          ],
          [
            111.195138,
            -7.640564,
            2566.455
          ],
          [
            111.195146,
            -7.640567,
            2567.355
          ],
          [
            111.195161,
            -7.6406,
            2566.215
          ],
          [
            111.195196,
            -7.640623,
            2566.565
          ],
          [
            111.195228,
            -7.640638,
            2565.911
          ],
          [
            111.195208,
            -7.640599,
            2566.308
          ],
          [
            111.19521,
            -7.640599,
            2566.433
          ],
          [
            111.195165,
            -7.640569,
            2567.614
          ],
          [
            111.195131,
            -7.640531,
            2567.628
          ],
          [
            111.195068,
            -7.640555,
            2567.529
          ],
          [
            111.195015,
            -7.640546,
            2567.492
          ],
          [
            111.194996,
            -7.640539,
            2568.083
          ],
          [
            111.195082,
            -7.64053,
            2568.045
          ],
          [
            111.195141,
            -7.640537,
            2567.965
          ],
          [
            111.195137,
            -7.64055,
            2568.346
          ],
          [
            111.195207,
            -7.640551,
            2568.088
          ],
          [
            111.195119,
            -7.640565,
            2568.916
          ],
          [
            111.195138,
            -7.64056,
            2568.508
          ],
          [
            111.195115,
            -7.64055,
            2568.556
          ],
          [
            111.195132,
            -7.640544,
            2568.697
          ],
          [
            111.195122,
            -7.640566,
            2566.891
          ],
          [
            111.195133,
            -7.640579,
            2566.912
          ],
          [
            111.19514,
            -7.640591,
            2569.255
          ],
          [
            111.195106,
            -7.64058,
            2570.946
          ],
          [
            111.19509,
            -7.640566,
            2569.528
          ],
          [
            111.195073,
            -7.6406,
            2569.548
          ],
          [
            111.195005,
            -7.64064,
            2569.823
          ],
          [
            111.195053,
            -7.640644,
            2569.583
          ],
          [
            111.195028,
            -7.640651,
            2570.411
          ],
          [
            111.195012,
            -7.64065,
            2570.208
          ],
          [
            111.19504,
            -7.640607,
            2570.084
          ],
          [
            111.195032,
            -7.640616,
            2570.115
          ],
          [
            111.195063,
            -7.640575,
            2570.259
          ],
          [
            111.195041,
            -7.640625,
            2570.44
          ],
          [
            111.195094,
            -7.640615,
            2570.453
          ],
          [
            111.19511,
            -7.640594,
            2570.314
          ],
          [
            111.195114,
            -7.6406,
            2570.356
          ],
          [
            111.195122,
            -7.640593,
            2570.026
          ],
          [
            111.195128,
            -7.640562,
            2570.515
          ],
          [
            111.195119,
            -7.640579,
            2570.665
          ],
          [
            111.195116,
            -7.640576,
            2570.611
          ],
          [
            111.195146,
            -7.640596,
            2570.508
          ],
          [
            111.195187,
            -7.640553,
            2571.973
          ],
          [
            111.195135,
            -7.640501,
            2573.154
          ],
          [
            111.195186,
            -7.64045,
            2575.078
          ],
          [
            111.195233,
            -7.64044,
            2577.659
          ],
          [
            111.195224,
            -7.640389,
            2579.882
          ],
          [
            111.195215,
            -7.640321,
            2581.763
          ],
          [
            111.195185,
            -7.640293,
            2582.725
          ],
          [
            111.19515,
            -7.640276,
            2584.275
          ],
          [
            111.195125,
            -7.640233,
            2586.049
          ],
          [
            111.195157,
            -7.640197,
            2587.502
          ],
          [
            111.195201,
            -7.64015,
            2590.022
          ],
          [
            111.19517,
            -7.640109,
            2592.008
          ],
          [
            111.195113,
            -7.640089,
            2593.036
          ],
          [
            111.195068,
            -7.640086,
            2594.167
          ],
          [
            111.19508,
            -7.640022,
            2596.681
          ],
          [
            111.195096,
            -7.640011,
            2597.962
          ],
          [
            111.195057,
            -7.639992,
            2599.945
          ],
          [
            111.195041,
            -7.639955,
            2600.836
          ],
          [
            111.195017,
            -7.639894,
            2603.678
          ],
          [
            111.194978,
            -7.639853,
            2604.578
          ],
          [
            111.195028,
            -7.639841,
            2606.826
          ],
          [
            111.195064,
            -7.639833,
            2608.547
          ],
          [
            111.195105,
            -7.63982,
            2609.911
          ],
          [
            111.195064,
            -7.639767,
            2612.408
          ],
          [
            111.195027,
            -7.639723,
            2614.964
          ],
          [
            111.195001,
            -7.639665,
            2616.745
          ],
          [
            111.194945,
            -7.639618,
            2618.259
          ],
          [
            111.194978,
            -7.639578,
            2620.25
          ],
          [
            111.194993,
            -7.639552,
            2622.923
          ],
          [
            111.19494,
            -7.639503,
            2624.224
          ],
          [
            111.194908,
            -7.639485,
            2625.646
          ],
          [
            111.194954,
            -7.63943,
            2628.536
          ],
          [
            111.194923,
            -7.639398,
            2629.745
          ],
          [
            111.194936,
            -7.63936,
            2632.347
          ],
          [
            111.194943,
            -7.639338,
            2635.011
          ],
          [
            111.194906,
            -7.639309,
            2636.508
          ],
          [
            111.194896,
            -7.639304,
            2636.566
          ],
          [
            111.194884,
            -7.639275,
            2639.277
          ],
          [
            111.194922,
            -7.639232,
            2641.151
          ],
          [
            111.194893,
            -7.639197,
            2644.072
          ],
          [
            111.194839,
            -7.639177,
            2645.545
          ],
          [
            111.194832,
            -7.639115,
            2646.776
          ],
          [
            111.194827,
            -7.639054,
            2648.638
          ],
          [
            111.194832,
            -7.639012,
            2650.918
          ],
          [
            111.194807,
            -7.638979,
            2652.178
          ],
          [
            111.194767,
            -7.63894,
            2653.833
          ],
          [
            111.194816,
            -7.638949,
            2655.926
          ],
          [
            111.194881,
            -7.638933,
            2657.708
          ],
          [
            111.194945,
            -7.638929,
            2658.489
          ],
          [
            111.194976,
            -7.638903,
            2660.54
          ],
          [
            111.19496,
            -7.638859,
            2662.394
          ],
          [
            111.194905,
            -7.638818,
            2664.545
          ],
          [
            111.194872,
            -7.638765,
            2665.718
          ],
          [
            111.194898,
            -7.638707,
            2667.729
          ],
          [
            111.194903,
            -7.638698,
            2669.721
          ],
          [
            111.194941,
            -7.638685,
            2670.991
          ],
          [
            111.194997,
            -7.638652,
            2674.195
          ],
          [
            111.19498,
            -7.63861,
            2675.849
          ],
          [
            111.194967,
            -7.638588,
            2676.523
          ],
          [
            111.194903,
            -7.63863,
            2677.208
          ],
          [
            111.194895,
            -7.638634,
            2676.811
          ],
          [
            111.194802,
            -7.638636,
            2678.342
          ],
          [
            111.19484,
            -7.638611,
            2681.356
          ],
          [
            111.194922,
            -7.63862,
            2683.317
          ],
          [
            111.194944,
            -7.638618,
            2684.67
          ],
          [
            111.19493,
            -7.638588,
            2686.771
          ],
          [
            111.194928,
            -7.638565,
            2687.873
          ],
          [
            111.194916,
            -7.638533,
            2689.573
          ],
          [
            111.194926,
            -7.638506,
            2690.883
          ],
          [
            111.194915,
            -7.63846,
            2692.925
          ],
          [
            111.194876,
            -7.638433,
            2694.517
          ],
          [
            111.194839,
            -7.638408,
            2695.708
          ],
          [
            111.194798,
            -7.638377,
            2697.51
          ],
          [
            111.19487,
            -7.638335,
            2699.081
          ],
          [
            111.194925,
            -7.638313,
            2701.465
          ],
          [
            111.194909,
            -7.638305,
            2701.156
          ],
          [
            111.194914,
            -7.638316,
            2701.969
          ],
          [
            111.194871,
            -7.638329,
            2702.55
          ],
          [
            111.194847,
            -7.638283,
            2704.372
          ],
          [
            111.194903,
            -7.638284,
            2707.132
          ],
          [
            111.194907,
            -7.638275,
            2707.077
          ],
          [
            111.194853,
            -7.638214,
            2709.361
          ],
          [
            111.194836,
            -7.638211,
            2709.827
          ],
          [
            111.19477,
            -7.638177,
            2711.808
          ],
          [
            111.194789,
            -7.63814,
            2713.849
          ],
          [
            111.194847,
            -7.638114,
            2715.74
          ],
          [
            111.194905,
            -7.638094,
            2717.774
          ],
          [
            111.19491,
            -7.638052,
            2719.865
          ],
          [
            111.194886,
            -7.638019,
            2721.498
          ],
          [
            111.194838,
            -7.638011,
            2722.679
          ],
          [
            111.194812,
            -7.637995,
            2724.381
          ],
          [
            111.194756,
            -7.637939,
            2725.891
          ],
          [
            111.194719,
            -7.637923,
            2727.246
          ],
          [
            111.194678,
            -7.637897,
            2729.088
          ],
          [
            111.194647,
            -7.637876,
            2730.416
          ],
          [
            111.194706,
            -7.637846,
            2733.108
          ],
          [
            111.194736,
            -7.637835,
            2734.276
          ],
          [
            111.194739,
            -7.637833,
            2734.347
          ],
          [
            111.194743,
            -7.637833,
            2734.821
          ],
          [
            111.194745,
            -7.637829,
            2735.242
          ],
          [
            111.194729,
            -7.63784,
            2734.875
          ],
          [
            111.194715,
            -7.637823,
            2736.746
          ],
          [
            111.19467,
            -7.637786,
            2738.628
          ],
          [
            111.194687,
            -7.637725,
            2741.868
          ],
          [
            111.194728,
            -7.63772,
            2743.284
          ],
          [
            111.194773,
            -7.637696,
            2745.507
          ],
          [
            111.194822,
            -7.637694,
            2747.417
          ],
          [
            111.194814,
            -7.637664,
            2749.108
          ],
          [
            111.194764,
            -7.637611,
            2751.93
          ],
          [
            111.194757,
            -7.637562,
            2753.541
          ],
          [
            111.19481,
            -7.63756,
            2754.535
          ],
          [
            111.194849,
            -7.637532,
            2757.016
          ],
          [
            111.194863,
            -7.637501,
            2757.959
          ],
          [
            111.194868,
            -7.637545,
            2758.02
          ],
          [
            111.194857,
            -7.637545,
            2758.032
          ],
          [
            111.194809,
            -7.637501,
            2760.372
          ],
          [
            111.194751,
            -7.637474,
            2762.618
          ],
          [
            111.194756,
            -7.63745,
            2763.898
          ],
          [
            111.194786,
            -7.637422,
            2765.817
          ],
          [
            111.194837,
            -7.637399,
            2767.808
          ],
          [
            111.194858,
            -7.637392,
            2769.963
          ],
          [
            111.194841,
            -7.637363,
            2770.854
          ],
          [
            111.19481,
            -7.637335,
            2772.948
          ],
          [
            111.194762,
            -7.637292,
            2775.349
          ],
          [
            111.194738,
            -7.637244,
            2777.272
          ],
          [
            111.194724,
            -7.637194,
            2779.793
          ],
          [
            111.194813,
            -7.637176,
            2782.245
          ],
          [
            111.194809,
            -7.63715,
            2783.625
          ],
          [
            111.194823,
            -7.637103,
            2784.842
          ],
          [
            111.194849,
            -7.637089,
            2785.922
          ],
          [
            111.194859,
            -7.637096,
            2785.714
          ],
          [
            111.194865,
            -7.637085,
            2786.208
          ],
          [
            111.194877,
            -7.637082,
            2786.136
          ],
          [
            111.194887,
            -7.637078,
            2787.017
          ],
          [
            111.194858,
            -7.637088,
            2787.261
          ],
          [
            111.194874,
            -7.637094,
            2787.412
          ],
          [
            111.19487,
            -7.637104,
            2787.725
          ],
          [
            111.194865,
            -7.637105,
            2787.856
          ],
          [
            111.194879,
            -7.637125,
            2788.158
          ],
          [
            111.194872,
            -7.637126,
            2788.448
          ],
          [
            111.194871,
            -7.637125,
            2788.285
          ],
          [
            111.194871,
            -7.637147,
            2788.989
          ],
          [
            111.194871,
            -7.637157,
            2789.117
          ],
          [
            111.194869,
            -7.637149,
            2789.708
          ],
          [
            111.19488,
            -7.637113,
            2790.03
          ],
          [
            111.194883,
            -7.637104,
            2790.291
          ],
          [
            111.194855,
            -7.637142,
            2789.925
          ],
          [
            111.194848,
            -7.637149,
            2790.366
          ],
          [
            111.194839,
            -7.637104,
            2790.269
          ],
          [
            111.194853,
            -7.637124,
            2790.68
          ],
          [
            111.194855,
            -7.637143,
            2790.912
          ],
          [
            111.194859,
            -7.637151,
            2790.822
          ],
          [
            111.194861,
            -7.637148,
            2790.959
          ],
          [
            111.194843,
            -7.637134,
            2790.703
          ],
          [
            111.194854,
            -7.637121,
            2791.223
          ],
          [
            111.194842,
            -7.637156,
            2790.808
          ],
          [
            111.194828,
            -7.637155,
            2791.247
          ],
          [
            111.194835,
            -7.63714,
            2791.028
          ],
          [
            111.194833,
            -7.637145,
            2791.572
          ],
          [
            111.194812,
            -7.637161,
            2790.683
          ],
          [
            111.194807,
            -7.637165,
            2791.046
          ],
          [
            111.19483,
            -7.637154,
            2790.627
          ],
          [
            111.194812,
            -7.637132,
            2790.449
          ],
          [
            111.194825,
            -7.637137,
            2790.389
          ],
          [
            111.194835,
            -7.637131,
            2790.512
          ],
          [
            111.194808,
            -7.637117,
            2789.832
          ],
          [
            111.194789,
            -7.637097,
            2790.005
          ],
          [
            111.194786,
            -7.63711,
            2790.208
          ],
          [
            111.194787,
            -7.637089,
            2790.593
          ],
          [
            111.194775,
            -7.637089,
            2790.584
          ],
          [
            111.194792,
            -7.637087,
            2790.598
          ],
          [
            111.19485,
            -7.637101,
            2790.639
          ],
          [
            111.194801,
            -7.637106,
            2790.922
          ],
          [
            111.194746,
            -7.637134,
            2791.013
          ],
          [
            111.194745,
            -7.637117,
            2791.595
          ],
          [
            111.194745,
            -7.637106,
            2790.765
          ],
          [
            111.194753,
            -7.637121,
            2791.199
          ],
          [
            111.194757,
            -7.63709,
            2790.607
          ],
          [
            111.194791,
            -7.637084,
            2790.627
          ],
          [
            111.194816,
            -7.637085,
            2790.608
          ],
          [
            111.19484,
            -7.63709,
            2790.431
          ],
          [
            111.194848,
            -7.637112,
            2791.052
          ],
          [
            111.194845,
            -7.637128,
            2790.036
          ],
          [
            111.194889,
            -7.637102,
            2790.637
          ],
          [
            111.194894,
            -7.637104,
            2790.94
          ],
          [
            111.194839,
            -7.637123,
            2789.871
          ],
          [
            111.194794,
            -7.637119,
            2789.913
          ],
          [
            111.194825,
            -7.637098,
            2791.083
          ],
          [
            111.19485,
            -7.637111,
            2791.497
          ],
          [
            111.194854,
            -7.637097,
            2791.323
          ],
          [
            111.194856,
            -7.637109,
            2791.325
          ],
          [
            111.194836,
            -7.63712,
            2791.008
          ],
          [
            111.194811,
            -7.637111,
            2791.511
          ],
          [
            111.194823,
            -7.637117,
            2791.922
          ],
          [
            111.194836,
            -7.637104,
            2792.196
          ],
          [
            111.194843,
            -7.637092,
            2791.917
          ],
          [
            111.194784,
            -7.637096,
            2791.96
          ],
          [
            111.194773,
            -7.637042,
            2793.991
          ],
          [
            111.194784,
            -7.63699,
            2796.543
          ],
          [
            111.194828,
            -7.636908,
            2799.563
          ],
          [
            111.19485,
            -7.636876,
            2800.122
          ],
          [
            111.194887,
            -7.636852,
            2802.262
          ],
          [
            111.194922,
            -7.636824,
            2803.308
          ],
          [
            111.194912,
            -7.636801,
            2804.508
          ],
          [
            111.194886,
            -7.636739,
            2806.974
          ],
          [
            111.194872,
            -7.63668,
            2808.685
          ],
          [
            111.194888,
            -7.636653,
            2811.879
          ],
          [
            111.194858,
            -7.63662,
            2812.96
          ],
          [
            111.194821,
            -7.636565,
            2815.413
          ],
          [
            111.19476,
            -7.636556,
            2816.664
          ],
          [
            111.194715,
            -7.636542,
            2818.056
          ],
          [
            111.194691,
            -7.636514,
            2818.926
          ],
          [
            111.194683,
            -7.636499,
            2820.312
          ],
          [
            111.194659,
            -7.636466,
            2822.132
          ],
          [
            111.194631,
            -7.636427,
            2823.205
          ],
          [
            111.194594,
            -7.636378,
            2825.508
          ],
          [
            111.194564,
            -7.636382,
            2826.633
          ],
          [
            111.19456,
            -7.636385,
            2825.764
          ],
          [
            111.194569,
            -7.636342,
            2828.388
          ],
          [
            111.194607,
            -7.63631,
            2829.659
          ],
          [
            111.19464,
            -7.636284,
            2831.232
          ],
          [
            111.194673,
            -7.636265,
            2832.193
          ],
          [
            111.194724,
            -7.636228,
            2833.685
          ],
          [
            111.194774,
            -7.63619,
            2836.795
          ],
          [
            111.194779,
            -7.636137,
            2838.692
          ],
          [
            111.194737,
            -7.636112,
            2839.473
          ],
          [
            111.1947,
            -7.636082,
            2841.32
          ],
          [
            111.194634,
            -7.636042,
            2843.208
          ],
          [
            111.194641,
            -7.635992,
            2845.131
          ],
          [
            111.194636,
            -7.635965,
            2846.592
          ],
          [
            111.19458,
            -7.635919,
            2848.666
          ],
          [
            111.194519,
            -7.635872,
            2849.947
          ],
          [
            111.194481,
            -7.635828,
            2852.17
          ],
          [
            111.194539,
            -7.635792,
            2853.841
          ],
          [
            111.194535,
            -7.63579,
            2856.213
          ],
          [
            111.194476,
            -7.635756,
            2858.553
          ],
          [
            111.194455,
            -7.635716,
            2860.734
          ],
          [
            111.194459,
            -7.635682,
            2862.555
          ],
          [
            111.194509,
            -7.635656,
            2865.71
          ],
          [
            111.194575,
            -7.635661,
            2866.308
          ],
          [
            111.194614,
            -7.63565,
            2868.545
          ],
          [
            111.194662,
            -7.63564,
            2869.616
          ],
          [
            111.194697,
            -7.635579,
            2872.89
          ],
          [
            111.194745,
            -7.635557,
            2873.881
          ],
          [
            111.194744,
            -7.635528,
            2875.374
          ],
          [
            111.194675,
            -7.635523,
            2877.155
          ],
          [
            111.194614,
            -7.635492,
            2878.847
          ],
          [
            111.194638,
            -7.635493,
            2880.347
          ],
          [
            111.194625,
            -7.63545,
            2882.794
          ],
          [
            111.194674,
            -7.635426,
            2883.757
          ],
          [
            111.194717,
            -7.635407,
            2885.622
          ],
          [
            111.19475,
            -7.635403,
            2887.808
          ],
          [
            111.194756,
            -7.635408,
            2888.041
          ],
          [
            111.194786,
            -7.635401,
            2889.692
          ],
          [
            111.194816,
            -7.635387,
            2890.976
          ],
          [
            111.194816,
            -7.635367,
            2893.147
          ],
          [
            111.19479,
            -7.635349,
            2894.62
          ],
          [
            111.194766,
            -7.6353,
            2897.491
          ],
          [
            111.194726,
            -7.635247,
            2898.533
          ],
          [
            111.194705,
            -7.635191,
            2900.923
          ],
          [
            111.194766,
            -7.63516,
            2902.749
          ],
          [
            111.194806,
            -7.635165,
            2905.102
          ],
          [
            111.194874,
            -7.635167,
            2907.022
          ],
          [
            111.19491,
            -7.635174,
            2907.808
          ],
          [
            111.194935,
            -7.63517,
            2908.576
          ],
          [
            111.194925,
            -7.635128,
            2908.427
          ],
          [
            111.194904,
            -7.635168,
            2908.711
          ],
          [
            111.194896,
            -7.635184,
            2908.862
          ],
          [
            111.194882,
            -7.635187,
            2911.175
          ],
          [
            111.194835,
            -7.635134,
            2912.966
          ],
          [
            111.194821,
            -7.635129,
            2912.718
          ],
          [
            111.194811,
            -7.635123,
            2914.688
          ],
          [
            111.194763,
            -7.635056,
            2916.388
          ],
          [
            111.19477,
            -7.635022,
            2916.724
          ],
          [
            111.194791,
            -7.635028,
            2917.626
          ],
          [
            111.194779,
            -7.635046,
            2918.208
          ],
          [
            111.194768,
            -7.635046,
            2918.21
          ],
          [
            111.194774,
            -7.635048,
            2918.271
          ],
          [
            111.194772,
            -7.635016,
            2921.225
          ],
          [
            111.19471,
            -7.634993,
            2921.776
          ],
          [
            111.194714,
            -7.634952,
            2924.189
          ],
          [
            111.194749,
            -7.634921,
            2925.68
          ],
          [
            111.194729,
            -7.634904,
            2927.222
          ],
          [
            111.194709,
            -7.634853,
            2928.672
          ],
          [
            111.194777,
            -7.634844,
            2930.658
          ],
          [
            111.194828,
            -7.634881,
            2932.952
          ],
          [
            111.194851,
            -7.634891,
            2934.517
          ],
          [
            111.194849,
            -7.634861,
            2936.008
          ],
          [
            111.194889,
            -7.634842,
            2937.177
          ],
          [
            111.194922,
            -7.634819,
            2939.778
          ],
          [
            111.194925,
            -7.6348,
            2941.542
          ],
          [
            111.194921,
            -7.634749,
            2941.613
          ],
          [
            111.194944,
            -7.634738,
            2944.886
          ],
          [
            111.194997,
            -7.63474,
            2946.057
          ],
          [
            111.194979,
            -7.634706,
            2948.039
          ],
          [
            111.194949,
            -7.634683,
            2949.739
          ],
          [
            111.194947,
            -7.634688,
            2948.994
          ],
          [
            111.194919,
            -7.634693,
            2949.157
          ],
          [
            111.194905,
            -7.6347,
            2949.222
          ],
          [
            111.194927,
            -7.634709,
            2949.208
          ],
          [
            111.19493,
            -7.63471,
            2950.351
          ],
          [
            111.194927,
            -7.634727,
            2950.442
          ],
          [
            111.194926,
            -7.634727,
            2949.176
          ],
          [
            111.194917,
            -7.634718,
            2949.497
          ],
          [
            111.194918,
            -7.634713,
            2949.97
          ],
          [
            111.194918,
            -7.634717,
            2950.421
          ],
          [
            111.19491,
            -7.634725,
            2950.513
          ],
          [
            111.194891,
            -7.634727,
            2950.463
          ],
          [
            111.194874,
            -7.634698,
            2951.173
          ],
          [
            111.194857,
            -7.634703,
            2951.285
          ],
          [
            111.194856,
            -7.634728,
            2951.613
          ],
          [
            111.194897,
            -7.634724,
            2952.208
          ],
          [
            111.194875,
            -7.634674,
            2952.329
          ],
          [
            111.194881,
            -7.63473,
            2952.07
          ],
          [
            111.194899,
            -7.634758,
            2953.584
          ],
          [
            111.194929,
            -7.634753,
            2953.625
          ],
          [
            111.194939,
            -7.634737,
            2954.178
          ],
          [
            111.194932,
            -7.634723,
            2954.169
          ],
          [
            111.194965,
            -7.634715,
            2954.391
          ],
          [
            111.194954,
            -7.634714,
            2953.961
          ],
          [
            111.194946,
            -7.634726,
            2955.315
          ],
          [
            111.194949,
            -7.634716,
            2953.765
          ],
          [
            111.19493,
            -7.634702,
            2953.611
          ],
          [
            111.194933,
            -7.634712,
            2953.808
          ],
          [
            111.194958,
            -7.63474,
            2953.833
          ],
          [
            111.194985,
            -7.63473,
            2956.864
          ],
          [
            111.195029,
            -7.634715,
            2959.038
          ],
          [
            111.195092,
            -7.634721,
            2961.779
          ],
          [
            111.195152,
            -7.634707,
            2963.472
          ],
          [
            111.195105,
            -7.63462,
            2965.693
          ],
          [
            111.195162,
            -7.634633,
            2966.955
          ],
          [
            111.195169,
            -7.634588,
            2968.645
          ],
          [
            111.195128,
            -7.634544,
            2970.222
          ],
          [
            111.19511,
            -7.634517,
            2972.162
          ],
          [
            111.195156,
            -7.634514,
            2973.508
          ],
          [
            111.19518,
            -7.634503,
            2975.108
          ],
          [
            111.195142,
            -7.63445,
            2977.014
          ],
          [
            111.19514,
            -7.634397,
            2978.895
          ],
          [
            111.195158,
            -7.63438,
            2980.629
          ],
          [
            111.195185,
            -7.634402,
            2981.33
          ],
          [
            111.195203,
            -7.634373,
            2983.883
          ],
          [
            111.195216,
            -7.634339,
            2986.564
          ],
          [
            111.195254,
            -7.634334,
            2987.156
          ],
          [
            111.195231,
            -7.63429,
            2988.796
          ],
          [
            111.195222,
            -7.634277,
            2988.519
          ],
          [
            111.195192,
            -7.634245,
            2990.309
          ],
          [
            111.195196,
            -7.634242,
            2990.819
          ],
          [
            111.195254,
            -7.634235,
            2991.508
          ],
          [
            111.195246,
            -7.634195,
            2994.633
          ],
          [
            111.195245,
            -7.634188,
            2996.374
          ],
          [
            111.195296,
            -7.634165,
            2997.358
          ],
          [
            111.195254,
            -7.634127,
            2999.279
          ],
          [
            111.195223,
            -7.634141,
            2999.852
          ],
          [
            111.195226,
            -7.634113,
            3001.783
          ],
          [
            111.195218,
            -7.634102,
            3002.735
          ],
          [
            111.19522,
            -7.634098,
            3003.125
          ],
          [
            111.195213,
            -7.634085,
            3003.777
          ],
          [
            111.195218,
            -7.634058,
            3006.261
          ],
          [
            111.195232,
            -7.634071,
            3008.227
          ],
          [
            111.195216,
            -7.634049,
            3010.408
          ],
          [
            111.195229,
            -7.634018,
            3012.879
          ],
          [
            111.195219,
            -7.633963,
            3015.38
          ],
          [
            111.195212,
            -7.63393,
            3017.274
          ],
          [
            111.195235,
            -7.633906,
            3020.095
          ],
          [
            111.195239,
            -7.633858,
            3020.888
          ],
          [
            111.195282,
            -7.633835,
            3023.829
          ],
          [
            111.195309,
            -7.633869,
            3025.141
          ],
          [
            111.19531,
            -7.633835,
            3027.131
          ],
          [
            111.195336,
            -7.633829,
            3028.157
          ],
          [
            111.195346,
            -7.633802,
            3029.6
          ],
          [
            111.195383,
            -7.633806,
            3031.32
          ],
          [
            111.195411,
            -7.633815,
            3033.008
          ],
          [
            111.195462,
            -7.6338,
            3035.757
          ],
          [
            111.19549,
            -7.633756,
            3036.778
          ],
          [
            111.195522,
            -7.633747,
            3037.832
          ],
          [
            111.19554,
            -7.633725,
            3038.363
          ],
          [
            111.195545,
            -7.633724,
            3036.566
          ],
          [
            111.195548,
            -7.633724,
            3038.167
          ],
          [
            111.195548,
            -7.633686,
            3040.819
          ],
          [
            111.195615,
            -7.63369,
            3043.799
          ],
          [
            111.195644,
            -7.633688,
            3044.057
          ],
          [
            111.195605,
            -7.633697,
            3043.4
          ],
          [
            111.195588,
            -7.633723,
            3042.42
          ],
          [
            111.195545,
            -7.633718,
            3042.608
          ],
          [
            111.195551,
            -7.633731,
            3042.777
          ],
          [
            111.195557,
            -7.633736,
            3042.788
          ],
          [
            111.195522,
            -7.633759,
            3042.572
          ],
          [
            111.195492,
            -7.633783,
            3042.213
          ],
          [
            111.19547,
            -7.633797,
            3042.576
          ],
          [
            111.195477,
            -7.633779,
            3043.147
          ],
          [
            111.195491,
            -7.633696,
            3044.969
          ],
          [
            111.195528,
            -7.633659,
            3045.749
          ],
          [
            111.19552,
            -7.633665,
            3045.993
          ],
          [
            111.19552,
            -7.633667,
            3046.065
          ],
          [
            111.195532,
            -7.633662,
            3045.721
          ],
          [
            111.195523,
            -7.633672,
            3045.708
          ],
          [
            111.19553,
            -7.633673,
            3046.351
          ],
          [
            111.195533,
            -7.633686,
            3046.592
          ],
          [
            111.195535,
            -7.633659,
            3047.136
          ],
          [
            111.195567,
            -7.633668,
            3047.027
          ],
          [
            111.195587,
            -7.633657,
            3046.96
          ],
          [
            111.195595,
            -7.633643,
            3047.261
          ],
          [
            111.195581,
            -7.63363,
            3047.273
          ],
          [
            111.195577,
            -7.63363,
            3043.553
          ],
          [
            111.195574,
            -7.633631,
            3050.452
          ],
          [
            111.195572,
            -7.63363,
            3047.153
          ],
          [
            111.195533,
            -7.633648,
            3046.908
          ],
          [
            111.195516,
            -7.633662,
            3047.008
          ],
          [
            111.195535,
            -7.633672,
            3047.347
          ],
          [
            111.195539,
            -7.633684,
            3047.668
          ],
          [
            111.195541,
            -7.633676,
            3047.182
          ],
          [
            111.195543,
            -7.633669,
            3047.683
          ],
          [
            111.195545,
            -7.633672,
            3047.686
          ],
          [
            111.195546,
            -7.633677,
            3047.517
          ],
          [
            111.19555,
            -7.633681,
            3048.329
          ],
          [
            111.19555,
            -7.633677,
            3048.349
          ],
          [
            111.195549,
            -7.633678,
            3048.862
          ],
          [
            111.195527,
            -7.633664,
            3048.983
          ],
          [
            111.195524,
            -7.633625,
            3050.711
          ],
          [
            111.19552,
            -7.633588,
            3053.308
          ],
          [
            111.195509,
            -7.633541,
            3054.878
          ],
          [
            111.195554,
            -7.633555,
            3055.939
          ],
          [
            111.195552,
            -7.633502,
            3058.573
          ],
          [
            111.195539,
            -7.63346,
            3059.534
          ],
          [
            111.19558,
            -7.63343,
            3062.027
          ],
          [
            111.195612,
            -7.633456,
            3062.748
          ],
          [
            111.195617,
            -7.633457,
            3064.08
          ],
          [
            111.195606,
            -7.633426,
            3065.11
          ],
          [
            111.19563,
            -7.633385,
            3066.418
          ],
          [
            111.195647,
            -7.633355,
            3068.398
          ],
          [
            111.195654,
            -7.633328,
            3068.817
          ],
          [
            111.195663,
            -7.633299,
            3070.708
          ],
          [
            111.195702,
            -7.633249,
            3072.913
          ],
          [
            111.195699,
            -7.63323,
            3073.654
          ],
          [
            111.195688,
            -7.633202,
            3074.498
          ],
          [
            111.195679,
            -7.633162,
            3076.239
          ],
          [
            111.195676,
            -7.633148,
            3076.862
          ],
          [
            111.195672,
            -7.633127,
            3077.183
          ],
          [
            111.195649,
            -7.633085,
            3079.825
          ],
          [
            111.195703,
            -7.63308,
            3080.895
          ],
          [
            111.195733,
            -7.633052,
            3082.091
          ],
          [
            111.195753,
            -7.633004,
            3084.181
          ],
          [
            111.195751,
            -7.632972,
            3085.819
          ],
          [
            111.195734,
            -7.632952,
            3085.408
          ],
          [
            111.195695,
            -7.632927,
            3087.661
          ],
          [
            111.195684,
            -7.632936,
            3088.812
          ],
          [
            111.195692,
            -7.632951,
            3088.956
          ],
          [
            111.19573,
            -7.63292,
            3091.227
          ],
          [
            111.195815,
            -7.632923,
            3093.31
          ],
          [
            111.195863,
            -7.632915,
            3095.511
          ],
          [
            111.19593,
            -7.632925,
            3096.543
          ],
          [
            111.196017,
            -7.63293,
            3097.753
          ],
          [
            111.196085,
            -7.632941,
            3098.348
          ],
          [
            111.196174,
            -7.63295,
            3097.261
          ],
          [
            111.196219,
            -7.63295,
            3097.417
          ],
          [
            111.196223,
            -7.632912,
            3100.208
          ],
          [
            111.19619,
            -7.63286,
            3103.236
          ],
          [
            111.196127,
            -7.6328,
            3103.727
          ],
          [
            111.196092,
            -7.632709,
            3101.821
          ],
          [
            111.196123,
            -7.63265,
            3104.482
          ],
          [
            111.196166,
            -7.632602,
            3107.615
          ],
          [
            111.196168,
            -7.632602,
            3106.856
          ],
          [
            111.196193,
            -7.63257,
            3107.138
          ],
          [
            111.196222,
            -7.63254,
            3107.178
          ],
          [
            111.196249,
            -7.632508,
            3106.977
          ],
          [
            111.196327,
            -7.632486,
            3107.361
          ],
          [
            111.196342,
            -7.632473,
            3107.327
          ],
          [
            111.19635,
            -7.63248,
            3108.108
          ],
          [
            111.196351,
            -7.632475,
            3108.679
          ],
          [
            111.196351,
            -7.632472,
            3108.49
          ],
          [
            111.19636,
            -7.63248,
            3109.234
          ],
          [
            111.196353,
            -7.632486,
            3109.055
          ],
          [
            111.196348,
            -7.63249,
            3109.818
          ],
          [
            111.196346,
            -7.632489,
            3109.519
          ],
          [
            111.196346,
            -7.632486,
            3110.281
          ],
          [
            111.196366,
            -7.632423,
            3109.771
          ],
          [
            111.196383,
            -7.632345,
            3107.152
          ],
          [
            111.196415,
            -7.632314,
            3105.853
          ],
          [
            111.196461,
            -7.632276,
            3102.808
          ],
          [
            111.196519,
            -7.6322,
            3100.808
          ],
          [
            111.196595,
            -7.632102,
            3100.467
          ],
          [
            111.196606,
            -7.632002,
            3101.628
          ],
          [
            111.196627,
            -7.631927,
            3103.752
          ],
          [
            111.196684,
            -7.631856,
            3104.443
          ],
          [
            111.196741,
            -7.631765,
            3105.056
          ],
          [
            111.196793,
            -7.631698,
            3106.427
          ],
          [
            111.196803,
            -7.631654,
            3107.259
          ],
          [
            111.196826,
            -7.631621,
            3108.779
          ],
          [
            111.196854,
            -7.631579,
            3110.531
          ],
          [
            111.196908,
            -7.631518,
            3112.561
          ],
          [
            111.196935,
            -7.631461,
            3114.407
          ],
          [
            111.196948,
            -7.631452,
            3115.008
          ],
          [
            111.196949,
            -7.631407,
            3116.955
          ],
          [
            111.196952,
            -7.631372,
            3117.656
          ],
          [
            111.196959,
            -7.631302,
            3119.59
          ],
          [
            111.196973,
            -7.631255,
            3121.391
          ],
          [
            111.197001,
            -7.631209,
            3123.214
          ],
          [
            111.197019,
            -7.631158,
            3124.435
          ],
          [
            111.197056,
            -7.631117,
            3126.377
          ],
          [
            111.197069,
            -7.631093,
            3126.817
          ],
          [
            111.197082,
            -7.631048,
            3128.459
          ],
          [
            111.197092,
            -7.631006,
            3129.703
          ],
          [
            111.1971,
            -7.630958,
            3131.323
          ],
          [
            111.197115,
            -7.630895,
            3132.808
          ],
          [
            111.197168,
            -7.630807,
            3133.557
          ],
          [
            111.197186,
            -7.630762,
            3134.088
          ],
          [
            111.197219,
            -7.630718,
            3134.652
          ],
          [
            111.197296,
            -7.630631,
            3135.423
          ],
          [
            111.197334,
            -7.630589,
            3135.746
          ],
          [
            111.197372,
            -7.6305,
            3137.137
          ],
          [
            111.197429,
            -7.630411,
            3138.529
          ],
          [
            111.197464,
            -7.63035,
            3140.979
          ],
          [
            111.197507,
            -7.630309,
            3142.276
          ],
          [
            111.197613,
            -7.63028,
            3142.49
          ],
          [
            111.197712,
            -7.630259,
            3143.019
          ],
          [
            111.197801,
            -7.630227,
            3144.308
          ],
          [
            111.197857,
            -7.630174,
            3145.419
          ],
          [
            111.19789,
            -7.630119,
            3146.69
          ],
          [
            111.197916,
            -7.630059,
            3146.834
          ],
          [
            111.197917,
            -7.630051,
            3146.655
          ],
          [
            111.197956,
            -7.629936,
            3145.988
          ],
          [
            111.19801,
            -7.629855,
            3145.879
          ],
          [
            111.197983,
            -7.629762,
            3144.451
          ],
          [
            111.197949,
            -7.629644,
            3145.651
          ],
          [
            111.197925,
            -7.629551,
            3144.981
          ],
          [
            111.197879,
            -7.629466,
            3144.861
          ],
          [
            111.197894,
            -7.629432,
            3145.117
          ],
          [
            111.197862,
            -7.629344,
            3146.308
          ],
          [
            111.197908,
            -7.629232,
            3147.92
          ],
          [
            111.19795,
            -7.629109,
            3149.181
          ],
          [
            111.197953,
            -7.628998,
            3148.685
          ],
          [
            111.197971,
            -7.628842,
            3150.316
          ],
          [
            111.197972,
            -7.628742,
            3149.539
          ],
          [
            111.197911,
            -7.628748,
            3147.76
          ],
          [
            111.197883,
            -7.628669,
            3146.842
          ],
          [
            111.197947,
            -7.628608,
            3145.542
          ],
          [
            111.198008,
            -7.628546,
            3145.952
          ],
          [
            111.198002,
            -7.628605,
            3146.153
          ],
          [
            111.197976,
            -7.628633,
            3146.208
          ],
          [
            111.197963,
            -7.628649,
            3146.908
          ],
          [
            111.197966,
            -7.628621,
            3146.617
          ],
          [
            111.197981,
            -7.628614,
            3146.868
          ],
          [
            111.197998,
            -7.628596,
            3147.222
          ],
          [
            111.198012,
            -7.6286,
            3146.913
          ],
          [
            111.197973,
            -7.62857,
            3147.466
          ],
          [
            111.197981,
            -7.628569,
            3147.547
          ],
          [
            111.198021,
            -7.628557,
            3147.389
          ],
          [
            111.197996,
            -7.628557,
            3147.429
          ],
          [
            111.19798,
            -7.628575,
            3147.965
          ],
          [
            111.197995,
            -7.628581,
            3147.868
          ],
          [
            111.198028,
            -7.628556,
            3147.614
          ],
          [
            111.197989,
            -7.628552,
            3148.008
          ],
          [
            111.197964,
            -7.628565,
            3148.828
          ],
          [
            111.197973,
            -7.62856,
            3148.049
          ],
          [
            111.197983,
            -7.628563,
            3149.143
          ],
          [
            111.197958,
            -7.628533,
            3148.324
          ],
          [
            111.197979,
            -7.628581,
            3149.317
          ],
          [
            111.197989,
            -7.628581,
            3149.578
          ],
          [
            111.197981,
            -7.62858,
            3149.12
          ],
          [
            111.198042,
            -7.628548,
            3148.65
          ],
          [
            111.19804,
            -7.628542,
            3149.828
          ],
          [
            111.198036,
            -7.628543,
            3150.689
          ],
          [
            111.19805,
            -7.628544,
            3150.517
          ],
          [
            111.19805,
            -7.628545,
            3150.908
          ],
          [
            111.198053,
            -7.628549,
            3151.154
          ],
          [
            111.198039,
            -7.628552,
            3151.175
          ],
          [
            111.198046,
            -7.628558,
            3150.949
          ],
          [
            111.198043,
            -7.628549,
            3150.88
          ],
          [
            111.198068,
            -7.628526,
            3151.423
          ],
          [
            111.198157,
            -7.628435,
            3151.914
          ],
          [
            111.198167,
            -7.628438,
            3152.386
          ],
          [
            111.198145,
            -7.628423,
            3152.066
          ],
          [
            111.19815,
            -7.628411,
            3151.726
          ],
          [
            111.198153,
            -7.628412,
            3152.147
          ],
          [
            111.198161,
            -7.628432,
            3151.511
          ],
          [
            111.198066,
            -7.628533,
            3151.308
          ],
          [
            111.198005,
            -7.628587,
            3151.914
          ],
          [
            111.197996,
            -7.628581,
            3151.325
          ],
          [
            111.198013,
            -7.628569,
            3152.119
          ],
          [
            111.198006,
            -7.628574,
            3152.18
          ],
          [
            111.197997,
            -7.628577,
            3151.573
          ],
          [
            111.198005,
            -7.62858,
            3152.344
          ],
          [
            111.198002,
            -7.628583,
            3152.416
          ],
          [
            111.198011,
            -7.628583,
            3152.366
          ],
          [
            111.198038,
            -7.628572,
            3152.495
          ],
          [
            111.198058,
            -7.628538,
            3151.449
          ],
          [
            111.198053,
            -7.628537,
            3154.623
          ],
          [
            111.198056,
            -7.628543,
            3152.008
          ],
          [
            111.198051,
            -7.62854,
            3151.621
          ],
          [
            111.198062,
            -7.628547,
            3151.782
          ],
          [
            111.198063,
            -7.628559,
            3152.126
          ],
          [
            111.19806,
            -7.628547,
            3152.357
          ],
          [
            111.198052,
            -7.628538,
            3152.41
          ],
          [
            111.198054,
            -7.628541,
            3152.591
          ],
          [
            111.198052,
            -7.628533,
            3152.683
          ],
          [
            111.198044,
            -7.628531,
            3152.573
          ],
          [
            111.198054,
            -7.628539,
            3152.364
          ],
          [
            111.198056,
            -7.628539,
            3152.706
          ],
          [
            111.198058,
            -7.628531,
            3152.616
          ],
          [
            111.198056,
            -7.628524,
            3152.408
          ],
          [
            111.198057,
            -7.628518,
            3152.648
          ],
          [
            111.198064,
            -7.628528,
            3154.039
          ],
          [
            111.198066,
            -7.628529,
            3152.513
          ],
          [
            111.198049,
            -7.62852,
            3152.884
          ],
          [
            111.198051,
            -7.628538,
            3152.947
          ],
          [
            111.198045,
            -7.628544,
            3153.258
          ],
          [
            111.198052,
            -7.62853,
            3153.28
          ],
          [
            111.19805,
            -7.62853,
            3152.77
          ],
          [
            111.198052,
            -7.628534,
            3153.374
          ],
          [
            111.198055,
            -7.62853,
            3153.256
          ],
          [
            111.198046,
            -7.628534,
            3153.421
          ],
          [
            111.198037,
            -7.628543,
            3153.308
          ],
          [
            111.198043,
            -7.628473,
            3155.269
          ],
          [
            111.198024,
            -7.628441,
            3155.92
          ],
          [
            111.19794,
            -7.628407,
            3156.994
          ],
          [
            111.197825,
            -7.628358,
            3157.315
          ],
          [
            111.197714,
            -7.628279,
            3158.958
          ],
          [
            111.197618,
            -7.628234,
            3158.739
          ],
          [
            111.197517,
            -7.628189,
            3158.691
          ],
          [
            111.1975,
            -7.628109,
            3160.721
          ],
          [
            111.197396,
            -7.628063,
            3161.147
          ],
          [
            111.197259,
            -7.628032,
            3161.129
          ],
          [
            111.197152,
            -7.627974,
            3160.721
          ],
          [
            111.197057,
            -7.627896,
            3159.108
          ],
          [
            111.196995,
            -7.62783,
            3159.846
          ],
          [
            111.197029,
            -7.627772,
            3159.677
          ],
          [
            111.197157,
            -7.627701,
            3159.421
          ],
          [
            111.197283,
            -7.627673,
            3159.112
          ],
          [
            111.19744,
            -7.627659,
            3159.395
          ],
          [
            111.19759,
            -7.62765,
            3159.986
          ],
          [
            111.197697,
            -7.627625,
            3161.168
          ],
          [
            111.197825,
            -7.627609,
            3162.088
          ],
          [
            111.1979,
            -7.627544,
            3162.685
          ],
          [
            111.197886,
            -7.627527,
            3161.389
          ],
          [
            111.197842,
            -7.627458,
            3162.217
          ],
          [
            111.19769,
            -7.627357,
            3161.508
          ],
          [
            111.1976,
            -7.627283,
            3161.96
          ],
          [
            111.197462,
            -7.62719,
            3161.651
          ],
          [
            111.197334,
            -7.627092,
            3161.485
          ],
          [
            111.19724,
            -7.627021,
            3162.226
          ],
          [
            111.197171,
            -7.626966,
            3163.449
          ],
          [
            111.197098,
            -7.626883,
            3163.29
          ],
          [
            111.197014,
            -7.62684,
            3162.322
          ],
          [
            111.196937,
            -7.626818,
            3160.292
          ],
          [
            111.196851,
            -7.626788,
            3158.728
          ],
          [
            111.196848,
            -7.626701,
            3157.389
          ],
          [
            111.196897,
            -7.626618,
            3155.017
          ],
          [
            111.196936,
            -7.626549,
            3154.208
          ],
          [
            111.196962,
            -7.626479,
            3153.384
          ],
          [
            111.196965,
            -7.626417,
            3152.415
          ],
          [
            111.196928,
            -7.626347,
            3151.319
          ],
          [
            111.196897,
            -7.626246,
            3150.02
          ],
          [
            111.196852,
            -7.626144,
            3148.413
          ],
          [
            111.196879,
            -7.62601,
            3148.594
          ],
          [
            111.196876,
            -7.625886,
            3147.036
          ],
          [
            111.196868,
            -7.625826,
            3146.146
          ],
          [
            111.196836,
            -7.625777,
            3143.729
          ],
          [
            111.196757,
            -7.625732,
            3143.9
          ],
          [
            111.196749,
            -7.625688,
            3143.92
          ],
          [
            111.196744,
            -7.625648,
            3143.308
          ],
          [
            111.196735,
            -7.625539,
            3143.934
          ],
          [
            111.196771,
            -7.625428,
            3144.455
          ],
          [
            111.196789,
            -7.625388,
            3144.039
          ],
          [
            111.196801,
            -7.625353,
            3144.26
          ],
          [
            111.196832,
            -7.625307,
            3144.943
          ],
          [
            111.19684,
            -7.62531,
            3144.194
          ],
          [
            111.196842,
            -7.625313,
            3144.646
          ],
          [
            111.196846,
            -7.625311,
            3144.086
          ],
          [
            111.196798,
            -7.625272,
            3144.895
          ],
          [
            111.196776,
            -7.625293,
            3145.549
          ],
          [
            111.196749,
            -7.625294,
            3143.823
          ],
          [
            111.196747,
            -7.625297,
            3144.308
          ],
          [
            111.196761,
            -7.625313,
            3143.821
          ],
          [
            111.196767,
            -7.625315,
            3144.672
          ],
          [
            111.196778,
            -7.625307,
            3144.786
          ],
          [
            111.196772,
            -7.625299,
            3144.417
          ],
          [
            111.196762,
            -7.625304,
            3145.21
          ],
          [
            111.19676,
            -7.625301,
            3144.181
          ],
          [
            111.196745,
            -7.6253,
            3144.173
          ],
          [
            111.196762,
            -7.625279,
            3144.693
          ],
          [
            111.196755,
            -7.625296,
            3144.115
          ],
          [
            111.196742,
            -7.625286,
            3144.165
          ],
          [
            111.196748,
            -7.625299,
            3144.411
          ],
          [
            111.19674,
            -7.625291,
            3144.208
          ],
          [
            111.196739,
            -7.625302,
            3144.243
          ],
          [
            111.196757,
            -7.62531,
            3144.254
          ],
          [
            111.196748,
            -7.625312,
            3144.158
          ],
          [
            111.19674,
            -7.625305,
            3144.179
          ],
          [
            111.196758,
            -7.625292,
            3144.882
          ],
          [
            111.196745,
            -7.625293,
            3144.653
          ],
          [
            111.196749,
            -7.625284,
            3144.995
          ],
          [
            111.196766,
            -7.625276,
            3143.955
          ],
          [
            111.196769,
            -7.625286,
            3144.417
          ],
          [
            111.196773,
            -7.625308,
            3144.587
          ],
          [
            111.196779,
            -7.625273,
            3144.715
          ],
          [
            111.196746,
            -7.625274,
            3145.208
          ],
          [
            111.196758,
            -7.625302,
            3145.463
          ],
          [
            111.196754,
            -7.625317,
            3145.414
          ],
          [
            111.196419,
            -7.625425,
            3068.868
          ],
          [
            111.196451,
            -7.625413,
            3072.649
          ],
          [
            111.196461,
            -7.625411,
            3076.772
          ],
          [
            111.196478,
            -7.625403,
            3080.353
          ],
          [
            111.196505,
            -7.625405,
            3083.965
          ],
          [
            111.196705,
            -7.62528,
            3087.255
          ],
          [
            111.196704,
            -7.62528,
            3090.967
          ],
          [
            111.196702,
            -7.625282,
            3094.981
          ],
          [
            111.1967,
            -7.625281,
            3098.419
          ],
          [
            111.196701,
            -7.625282,
            3101.808
          ],
          [
            111.196699,
            -7.625282,
            3106.298
          ],
          [
            111.196698,
            -7.625283,
            3109.959
          ],
          [
            111.196698,
            -7.625282,
            3112.923
          ],
          [
            111.196699,
            -7.625281,
            3116.324
          ],
          [
            111.196698,
            -7.625282,
            3119.647
          ],
          [
            111.196701,
            -7.625281,
            3125.048
          ],
          [
            111.196702,
            -7.625281,
            3125.02
          ],
          [
            111.196705,
            -7.625282,
            3128.58
          ],
          [
            111.196707,
            -7.625282,
            3131.886
          ],
          [
            111.196712,
            -7.625282,
            3134.86
          ],
          [
            111.196719,
            -7.625283,
            3138.526
          ],
          [
            111.196723,
            -7.625285,
            3141.708
          ],
          [
            111.196729,
            -7.625283,
            3144.73
          ],
          [
            111.19673,
            -7.62528,
            3146.581
          ],
          [
            111.196728,
            -7.625293,
            3146.355
          ],
          [
            111.196725,
            -7.625287,
            3146.036
          ],
          [
            111.196725,
            -7.625283,
            3145.869
          ],
          [
            111.196718,
            -7.625278,
            3146.23
          ],
          [
            111.196706,
            -7.625277,
            3146.122
          ],
          [
            111.196721,
            -7.625287,
            3145.542
          ],
          [
            111.196744,
            -7.625284,
            3145.513
          ],
          [
            111.196737,
            -7.625291,
            3145.843
          ],
          [
            111.19675,
            -7.62529,
            3145.507
          ],
          [
            111.196758,
            -7.625297,
            3145.608
          ],
          [
            111.196754,
            -7.625293,
            3145.893
          ],
          [
            111.196758,
            -7.62528,
            3145.344
          ],
          [
            111.196742,
            -7.625294,
            3145.228
          ],
          [
            111.196765,
            -7.625283,
            3145.659
          ],
          [
            111.196823,
            -7.625259,
            3145.022
          ],
          [
            111.196862,
            -7.625247,
            3144.893
          ],
          [
            111.196855,
            -7.625259,
            3144.225
          ],
          [
            111.196847,
            -7.625273,
            3144.275
          ],
          [
            111.196835,
            -7.625272,
            3144.576
          ],
          [
            111.196847,
            -7.625278,
            3144.59
          ],
          [
            111.196835,
            -7.625287,
            3143.819
          ],
          [
            111.196831,
            -7.62529,
            3144.308
          ],
          [
            111.196826,
            -7.62529,
            3144.259
          ],
          [
            111.196841,
            -7.625299,
            3144.35
          ],
          [
            111.196836,
            -7.625307,
            3143.444
          ],
          [
            111.19676,
            -7.625423,
            3143.855
          ],
          [
            111.196733,
            -7.625539,
            3143.038
          ],
          [
            111.196723,
            -7.625568,
            3142.979
          ],
          [
            111.196722,
            -7.625584,
            3142.721
          ],
          [
            111.196717,
            -7.625603,
            3142.541
          ],
          [
            111.196698,
            -7.625742,
            3143.121
          ],
          [
            111.196662,
            -7.625762,
            3143.141
          ],
          [
            111.196586,
            -7.625798,
            3147.305
          ],
          [
            111.196525,
            -7.625858,
            3149.608
          ],
          [
            111.196455,
            -7.625881,
            3152.154
          ],
          [
            111.1964,
            -7.625899,
            3153.535
          ],
          [
            111.196353,
            -7.625919,
            3155.469
          ],
          [
            111.196333,
            -7.625923,
            3156.01
          ],
          [
            111.196271,
            -7.62596,
            3158.643
          ],
          [
            111.196217,
            -7.626015,
            3162.064
          ],
          [
            111.196158,
            -7.626043,
            3162.546
          ],
          [
            111.19615,
            -7.626057,
            3164.186
          ],
          [
            111.196089,
            -7.626073,
            3166.717
          ],
          [
            111.196023,
            -7.62609,
            3169.387
          ],
          [
            111.196002,
            -7.626084,
            3170.815
          ],
          [
            111.195942,
            -7.626134,
            3173.308
          ],
          [
            111.195893,
            -7.626149,
            3174.683
          ],
          [
            111.195884,
            -7.626157,
            3175.844
          ],
          [
            111.19582,
            -7.626184,
            3177.498
          ],
          [
            111.195792,
            -7.626194,
            3178.699
          ],
          [
            111.195792,
            -7.626223,
            3179.662
          ],
          [
            111.195753,
            -7.626253,
            3182.253
          ],
          [
            111.195702,
            -7.626294,
            3184.275
          ],
          [
            111.195661,
            -7.626313,
            3185.155
          ],
          [
            111.195622,
            -7.626346,
            3187.414
          ],
          [
            111.195607,
            -7.626354,
            3188.254
          ],
          [
            111.195606,
            -7.626374,
            3189.409
          ],
          [
            111.195557,
            -7.626396,
            3191.008
          ],
          [
            111.195505,
            -7.626424,
            3193.853
          ],
          [
            111.195445,
            -7.626441,
            3196.174
          ],
          [
            111.195414,
            -7.626459,
            3198.178
          ],
          [
            111.195367,
            -7.626477,
            3200.089
          ],
          [
            111.195346,
            -7.626494,
            3201.742
          ],
          [
            111.195323,
            -7.62652,
            3203.223
          ],
          [
            111.19531,
            -7.626541,
            3205.085
          ],
          [
            111.195317,
            -7.626557,
            3206.455
          ],
          [
            111.19528,
            -7.626577,
            3208.474
          ],
          [
            111.195242,
            -7.626624,
            3210.356
          ],
          [
            111.195203,
            -7.62663,
            3211.521
          ],
          [
            111.195168,
            -7.626658,
            3213.208
          ],
          [
            111.195131,
            -7.626683,
            3215.969
          ],
          [
            111.195129,
            -7.626697,
            3218.08
          ],
          [
            111.195118,
            -7.62676,
            3219.674
          ],
          [
            111.195079,
            -7.626758,
            3221.995
          ],
          [
            111.195051,
            -7.626791,
            3223.168
          ],
          [
            111.194995,
            -7.626816,
            3226.099
          ],
          [
            111.194963,
            -7.626822,
            3227.341
          ],
          [
            111.194971,
            -7.626847,
            3227.771
          ],
          [
            111.194936,
            -7.626858,
            3229.677
          ],
          [
            111.194874,
            -7.626901,
            3232.761
          ],
          [
            111.19487,
            -7.626908,
            3233.627
          ],
          [
            111.194821,
            -7.626941,
            3235.108
          ],
          [
            111.194818,
            -7.62695,
            3235.969
          ],
          [
            111.19481,
            -7.626972,
            3236.63
          ],
          [
            111.194805,
            -7.627017,
            3238.894
          ],
          [
            111.194774,
            -7.627089,
            3242.075
          ],
          [
            111.194749,
            -7.627135,
            3245.418
          ],
          [
            111.194675,
            -7.627179,
            3246.439
          ],
          [
            111.194576,
            -7.627222,
            3247.751
          ],
          [
            111.194528,
            -7.627282,
            3250.881
          ],
          [
            111.194456,
            -7.627334,
            3253.127
          ],
          [
            111.194445,
            -7.627341,
            3253.268
          ],
          [
            111.194425,
            -7.627341,
            3253.814
          ],
          [
            111.194429,
            -7.627339,
            3254.408
          ],
          [
            111.194404,
            -7.627336,
            3255.094
          ],
          [
            111.194386,
            -7.627338,
            3254.825
          ],
          [
            111.194375,
            -7.627346,
            3255.769
          ],
          [
            111.194386,
            -7.627359,
            3255.81
          ],
          [
            111.194388,
            -7.627344,
            3257.283
          ],
          [
            111.194382,
            -7.627339,
            3256.074
          ],
          [
            111.194384,
            -7.627355,
            3256.476
          ],
          [
            111.194383,
            -7.627342,
            3256.146
          ],
          [
            111.194391,
            -7.627333,
            3255.934
          ],
          [
            111.194387,
            -7.627324,
            3256.255
          ],
          [
            111.194387,
            -7.627334,
            3256.11
          ],
          [
            111.194392,
            -7.627334,
            3256.708
          ],
          [
            111.194396,
            -7.627327,
            3257.065
          ],
          [
            111.194403,
            -7.627333,
            3257.726
          ],
          [
            111.194405,
            -7.627337,
            3257.49
          ],
          [
            111.194404,
            -7.627342,
            3257.261
          ],
          [
            111.194401,
            -7.627356,
            3257.114
          ],
          [
            111.194397,
            -7.627347,
            3256.985
          ],
          [
            111.194394,
            -7.627352,
            3257.547
          ],
          [
            111.194391,
            -7.627361,
            3256.977
          ],
          [
            111.194394,
            -7.627355,
            3256.993
          ],
          [
            111.194403,
            -7.627347,
            3257.465
          ],
          [
            111.194403,
            -7.627337,
            3257.321
          ],
          [
            111.194411,
            -7.62735,
            3258.508
          ],
          [
            111.194404,
            -7.62735,
            3258.271
          ],
          [
            111.1944,
            -7.627353,
            3258.392
          ],
          [
            111.194394,
            -7.627343,
            3258.376
          ],
          [
            111.194378,
            -7.627339,
            3258.737
          ],
          [
            111.194369,
            -7.627351,
            3259.07
          ],
          [
            111.194366,
            -7.627358,
            3258.721
          ],
          [
            111.194373,
            -7.627349,
            3258.793
          ],
          [
            111.194396,
            -7.627367,
            3258.393
          ],
          [
            111.194419,
            -7.627357,
            3258.334
          ],
          [
            111.194369,
            -7.627363,
            3259.255
          ],
          [
            111.194381,
            -7.627359,
            3258.91
          ],
          [
            111.19439,
            -7.627361,
            3259.208
          ],
          [
            111.194397,
            -7.627339,
            3259.645
          ],
          [
            111.194386,
            -7.627334,
            3260.436
          ],
          [
            111.194386,
            -7.627342,
            3259.75
          ],
          [
            111.194391,
            -7.627337,
            3259.531
          ],
          [
            111.194402,
            -7.627341,
            3259.594
          ],
          [
            111.194407,
            -7.627359,
            3258.915
          ],
          [
            111.194393,
            -7.627371,
            3258.947
          ],
          [
            111.194419,
            -7.627362,
            3258.597
          ],
          [
            111.194408,
            -7.627366,
            3259.134
          ],
          [
            111.194408,
            -7.627363,
            3259.555
          ],
          [
            111.194395,
            -7.627384,
            3258.91
          ],
          [
            111.194362,
            -7.627393,
            3259.308
          ],
          [
            111.194382,
            -7.62736,
            3260.555
          ],
          [
            111.19436,
            -7.627361,
            3259.816
          ],
          [
            111.194352,
            -7.62738,
            3259.51
          ],
          [
            111.194286,
            -7.627373,
            3257.651
          ],
          [
            111.194184,
            -7.627334,
            3254.664
          ],
          [
            111.194144,
            -7.627323,
            3254.285
          ],
          [
            111.193998,
            -7.627272,
            3253.547
          ],
          [
            111.193964,
            -7.627264,
            3252.817
          ],
          [
            111.193871,
            -7.627278,
            3251.817
          ],
          [
            111.193674,
            -7.627335,
            3251.187
          ],
          [
            111.193548,
            -7.627371,
            3251.115
          ],
          [
            111.193468,
            -7.627373,
            3250.908
          ],
          [
            111.193422,
            -7.627377,
            3251.213
          ],
          [
            111.193418,
            -7.627382,
            3251.264
          ],
          [
            111.193423,
            -7.627373,
            3251.178
          ],
          [
            111.193426,
            -7.627366,
            3251.829
          ],
          [
            111.193433,
            -7.627359,
            3251.682
          ],
          [
            111.19344,
            -7.627355,
            3251.923
          ],
          [
            111.193437,
            -7.62737,
            3250.735
          ],
          [
            111.193436,
            -7.62737,
            3251.185
          ],
          [
            111.193431,
            -7.627377,
            3251.188
          ],
          [
            111.193434,
            -7.627381,
            3251.024
          ],
          [
            111.193433,
            -7.627382,
            3251.426
          ],
          [
            111.193435,
            -7.627379,
            3251.408
          ],
          [
            111.193423,
            -7.627383,
            3252.01
          ],
          [
            111.193393,
            -7.627387,
            3251.421
          ],
          [
            111.193382,
            -7.627387,
            3251.295
          ],
          [
            111.19339,
            -7.627387,
            3252.086
          ],
          [
            111.1934,
            -7.627384,
            3251.539
          ],
          [
            111.193393,
            -7.627384,
            3250.93
          ],
          [
            111.193357,
            -7.627376,
            3250.442
          ],
          [
            111.193358,
            -7.627379,
            3250.782
          ],
          [
            111.193352,
            -7.627382,
            3250.542
          ],
          [
            111.193362,
            -7.627371,
            3250.522
          ],
          [
            111.193363,
            -7.627375,
            3251.314
          ],
          [
            111.193371,
            -7.627363,
            3250.808
          ],
          [
            111.193378,
            -7.627364,
            3251.026
          ],
          [
            111.193361,
            -7.627373,
            3251.167
          ],
          [
            111.193392,
            -7.627378,
            3251.581
          ],
          [
            111.193406,
            -7.627372,
            3251.772
          ],
          [
            111.193418,
            -7.627394,
            3251.855
          ],
          [
            111.193425,
            -7.62739,
            3252.656
          ],
          [
            111.193402,
            -7.627386,
            3251.538
          ],
          [
            111.193389,
            -7.627386,
            3251.928
          ],
          [
            111.193453,
            -7.627371,
            3253.061
          ],
          [
            111.193458,
            -7.627374,
            3253.021
          ],
          [
            111.19341,
            -7.627388,
            3251.713
          ],
          [
            111.193419,
            -7.627387,
            3252.208
          ],
          [
            111.193429,
            -7.627382,
            3252.298
          ],
          [
            111.193413,
            -7.627381,
            3252.979
          ],
          [
            111.193405,
            -7.627386,
            3252.423
          ],
          [
            111.19341,
            -7.627381,
            3252.674
          ],
          [
            111.193403,
            -7.627374,
            3252.377
          ],
          [
            111.193416,
            -7.627377,
            3252.888
          ],
          [
            111.193418,
            -7.627378,
            3252.82
          ],
          [
            111.193394,
            -7.627388,
            3252.93
          ],
          [
            111.193408,
            -7.62739,
            3252.859
          ],
          [
            111.19341,
            -7.627394,
            3253.203
          ],
          [
            111.193405,
            -7.627395,
            3253.423
          ],
          [
            111.193405,
            -7.627396,
            3252.908
          ],
          [
            111.193411,
            -7.627391,
            3253.397
          ],
          [
            111.19341,
            -7.627378,
            3253.148
          ],
          [
            111.193405,
            -7.627381,
            3253.182
          ],
          [
            111.193404,
            -7.627383,
            3254.013
          ],
          [
            111.193403,
            -7.627363,
            3252.756
          ],
          [
            111.193402,
            -7.627372,
            3253.337
          ],
          [
            111.193405,
            -7.627366,
            3252.379
          ],
          [
            111.193391,
            -7.627359,
            3252.489
          ],
          [
            111.193381,
            -7.627338,
            3252.446
          ],
          [
            111.193392,
            -7.627337,
            3252.688
          ],
          [
            111.193398,
            -7.627361,
            3253.416
          ],
          [
            111.193396,
            -7.627364,
            3253.208
          ],
          [
            111.1934,
            -7.627367,
            3253.946
          ],
          [
            111.193407,
            -7.627354,
            3253.827
          ],
          [
            111.193451,
            -7.627348,
            3253.331
          ],
          [
            111.193507,
            -7.627354,
            3254.522
          ],
          [
            111.193524,
            -7.627375,
            3255.155
          ],
          [
            111.193586,
            -7.627348,
            3254.886
          ],
          [
            111.193596,
            -7.62735,
            3254.658
          ],
          [
            111.193659,
            -7.62733,
            3254.868
          ],
          [
            111.193672,
            -7.62732,
            3255.499
          ],
          [
            111.193672,
            -7.62733,
            3256.007
          ],
          [
            111.193673,
            -7.627329,
            3255.027
          ],
          [
            111.193673,
            -7.627339,
            3256.408
          ],
          [
            111.193644,
            -7.627357,
            3255.761
          ],
          [
            111.19363,
            -7.627356,
            3256.012
          ],
          [
            111.193627,
            -7.627358,
            3256.056
          ],
          [
            111.193623,
            -7.627349,
            3256.437
          ],
          [
            111.193617,
            -7.627356,
            3255.55
          ],
          [
            111.193603,
            -7.62736,
            3256.771
          ],
          [
            111.193597,
            -7.627356,
            3256.613
          ],
          [
            111.193598,
            -7.627348,
            3256.723
          ],
          [
            111.193548,
            -7.627364,
            3256.542
          ],
          [
            111.193518,
            -7.627366,
            3256.722
          ],
          [
            111.193511,
            -7.627365,
            3256.414
          ],
          [
            111.193535,
            -7.627367,
            3256.408
          ],
          [
            111.193545,
            -7.627366,
            3256.626
          ],
          [
            111.193556,
            -7.627363,
            3256.297
          ],
          [
            111.193528,
            -7.62738,
            3256.791
          ],
          [
            111.193522,
            -7.627383,
            3256.042
          ],
          [
            111.193529,
            -7.627372,
            3256.095
          ],
          [
            111.193486,
            -7.627381,
            3255.776
          ],
          [
            111.193468,
            -7.627383,
            3256.838
          ],
          [
            111.193465,
            -7.627387,
            3255.918
          ],
          [
            111.193465,
            -7.627382,
            3257.543
          ],
          [
            111.19348,
            -7.627371,
            3257.364
          ],
          [
            111.193513,
            -7.627367,
            3257.91
          ],
          [
            111.193499,
            -7.627377,
            3257.408
          ],
          [
            111.193498,
            -7.62738,
            3257.356
          ],
          [
            111.193512,
            -7.627377,
            3257.647
          ],
          [
            111.193509,
            -7.62738,
            3258.441
          ],
          [
            111.193506,
            -7.627388,
            3257.942
          ],
          [
            111.193501,
            -7.627389,
            3258.025
          ],
          [
            111.1935,
            -7.627384,
            3257.126
          ],
          [
            111.193508,
            -7.627379,
            3256.878
          ],
          [
            111.193514,
            -7.627375,
            3257.548
          ],
          [
            111.19351,
            -7.627362,
            3256.961
          ],
          [
            111.193504,
            -7.627367,
            3256.621
          ],
          [
            111.1935,
            -7.62737,
            3256.513
          ],
          [
            111.193492,
            -7.627391,
            3256.508
          ],
          [
            111.193494,
            -7.627388,
            3257.848
          ],
          [
            111.193507,
            -7.627377,
            3257.289
          ],
          [
            111.193509,
            -7.627374,
            3257.373
          ],
          [
            111.193491,
            -7.627382,
            3256.754
          ],
          [
            111.193468,
            -7.627385,
            3256.537
          ],
          [
            111.193472,
            -7.627379,
            3256.558
          ],
          [
            111.193487,
            -7.627384,
            3256.48
          ],
          [
            111.193481,
            -7.627358,
            3256.93
          ],
          [
            111.193471,
            -7.627357,
            3256.957
          ],
          [
            111.193478,
            -7.627354,
            3256.4
          ],
          [
            111.193482,
            -7.627364,
            3256.72
          ],
          [
            111.193473,
            -7.627378,
            3257.208
          ],
          [
            111.193465,
            -7.627383,
            3257.437
          ],
          [
            111.193454,
            -7.627388,
            3256.338
          ],
          [
            111.193448,
            -7.627387,
            3256.742
          ],
          [
            111.193441,
            -7.627382,
            3255.983
          ],
          [
            111.193447,
            -7.627386,
            3256.276
          ],
          [
            111.193445,
            -7.62738,
            3256.017
          ],
          [
            111.193463,
            -7.627365,
            3256.149
          ],
          [
            111.193457,
            -7.62737,
            3255.729
          ],
          [
            111.19345,
            -7.627367,
            3256.189
          ],
          [
            111.193452,
            -7.627371,
            3256.306
          ],
          [
            111.193452,
            -7.62737,
            3256.026
          ],
          [
            111.193463,
            -7.627377,
            3256.008
          ],
          [
            111.193462,
            -7.627371,
            3255.66
          ],
          [
            111.193465,
            -7.627377,
            3255.251
          ],
          [
            111.193472,
            -7.627373,
            3255.675
          ],
          [
            111.193479,
            -7.627356,
            3256.376
          ],
          [
            111.193497,
            -7.627338,
            3255.949
          ],
          [
            111.193485,
            -7.627331,
            3255.77
          ],
          [
            111.193476,
            -7.627331,
            3255.652
          ],
          [
            111.193472,
            -7.627331,
            3255.492
          ],
          [
            111.193486,
            -7.627327,
            3255.794
          ],
          [
            111.193483,
            -7.627329,
            3255.557
          ],
          [
            111.193486,
            -7.627329,
            3255.722
          ],
          [
            111.193485,
            -7.627337,
            3255.508
          ],
          [
            111.193482,
            -7.62734,
            3255.961
          ],
          [
            111.19348,
            -7.627333,
            3256.232
          ],
          [
            111.193465,
            -7.627339,
            3256.486
          ],
          [
            111.193468,
            -7.627332,
            3256.367
          ],
          [
            111.193484,
            -7.627327,
            3256.31
          ],
          [
            111.193474,
            -7.62735,
            3257.581
          ],
          [
            111.193504,
            -7.627349,
            3257.433
          ],
          [
            111.193533,
            -7.627338,
            3257.213
          ],
          [
            111.19352,
            -7.627358,
            3257.256
          ],
          [
            111.193511,
            -7.627365,
            3258.259
          ],
          [
            111.193509,
            -7.627367,
            3257.414
          ],
          [
            111.193508,
            -7.627354,
            3256.808
          ],
          [
            111.193503,
            -7.627355,
            3257.227
          ],
          [
            111.193519,
            -7.627359,
            3256.958
          ],
          [
            111.193509,
            -7.627359,
            3256.922
          ],
          [
            111.193508,
            -7.627362,
            3257.083
          ],
          [
            111.19351,
            -7.627365,
            3256.536
          ],
          [
            111.193506,
            -7.627367,
            3256.927
          ],
          [
            111.193513,
            -7.627378,
            3256.829
          ],
          [
            111.193512,
            -7.627368,
            3256.739
          ],
          [
            111.193585,
            -7.627336,
            3256.148
          ],
          [
            111.193766,
            -7.627275,
            3257.361
          ],
          [
            111.193877,
            -7.627237,
            3258.217
          ],
          [
            111.193912,
            -7.627237,
            3258.508
          ],
          [
            111.194015,
            -7.627229,
            3259.726
          ],
          [
            111.194119,
            -7.627267,
            3259.857
          ],
          [
            111.194236,
            -7.627299,
            3262.271
          ],
          [
            111.194302,
            -7.627318,
            3263.712
          ],
          [
            111.194312,
            -7.627329,
            3264.975
          ],
          [
            111.194395,
            -7.627342,
            3265.846
          ],
          [
            111.194398,
            -7.627342,
            3267.388
          ]
        ]
      }
    },
    {
      "type": "Feature",
      "properties": {
        "name": "Start",
        "ele": 1912.046,
        "distance_km": 0,
        "locked": true
      },
      "geometry": {
        "type": "Point",
        "coordinates": [
          111.191485,
          -7.664584,
          1912.046
        ]
      }
    },
    {
      "type": "Feature",
      "properties": {
        "name": "Pos 1",
        "ele": 2198.968,
        "distance_km": 2.32,
        "locked": false
      },
      "geometry": {
        "type": "Point",
        "coordinates": [
          111.195065,
          -7.651011,
          2198.968
        ]
      }
    },
    {
      "type": "Feature",
      "properties": {
        "name": "Pos 2",
        "ele": 2566.092,
        "distance_km": 3.99,
        "locked": false
      },
      "geometry": {
        "type": "Point",
        "coordinates": [
          111.195109,
          -7.640556,
          2566.092
        ]
      }
    },
    {
      "type": "Feature",
      "properties": {
        "name": "Pos 3",
        "ele": 2791.511,
        "distance_km": 4.99,
        "locked": false
      },
      "geometry": {
        "type": "Point",
        "coordinates": [
          111.194811,
          -7.637111,
          2791.511
        ]
      }
    },
    {
      "type": "Feature",
      "properties": {
        "name": "Pos 4",
        "ele": 3047.261,
        "distance_km": 5.86,
        "locked": false
      },
      "geometry": {
        "type": "Point",
        "coordinates": [
          111.195595,
          -7.633643,
          3047.261
        ]
      }
    },
    {
      "type": "Feature",
      "properties": {
        "name": "Pos 5",
        "ele": 3107.138,
        "distance_km": 6.11,
        "locked": false
      },
      "geometry": {
        "type": "Point",
        "coordinates": [
          111.196193,
          -7.63257,
          3107.138
        ]
      }
    },
    {
      "type": "Feature",
      "properties": {
        "name": "Sendang Drajat",
        "ele": 3150.689,
        "distance_km": 6.74,
        "locked": false
      },
      "geometry": {
        "type": "Point",
        "coordinates": [
          111.198036,
          -7.628543,
          3150.689
        ]
      }
    },
    {
      "type": "Feature",
      "properties": {
        "name": "Hargo Dalem",
        "ele": 3072.649,
        "distance_km": 7.52,
        "locked": false
      },
      "geometry": {
        "type": "Point",
        "coordinates": [
          111.196451,
          -7.625413,
          3072.649
        ]
      }
    },
    {
      "type": "Feature",
      "properties": {
        "name": "Hargo Dumilah",
        "ele": 3259.07,
        "distance_km": 8.02,
        "locked": false
      },
      "geometry": {
        "type": "Point",
        "coordinates": [
          111.194369,
          -7.627351,
          3259.07
        ]
      }
    },
    {
      "type": "Feature",
      "properties": {
        "name": "Finish",
        "ele": 3267.388,
        "distance_km": 8.53,
        "locked": true
      },
      "geometry": {
        "type": "Point",
        "coordinates": [
          111.194398,
          -7.627342,
          3267.388
        ]
      }
    }
  ]
}